,ReportDate,TransactionDate,Ticker,Representative,Transaction,Amount,House,Range
0,2022-10-18,2022-09-30,COIN,Garret Graves,Purchase,1001.0,Representatives,"$1,001-$15,000"
1,2022-10-17,2022-09-23,AORT,Tina Smith,Purchase,50001.0,Senate,"$50,001 - $100,000"
2,2022-10-16,2022-09-15,BHP,Josh Gottheimer,Sale,1001.0,Representatives,"$1,001-$15,000"
3,2022-10-16,2022-09-26,ADP,Josh Gottheimer,Purchase,1001.0,Representatives,"$1,001-$15,000"
4,2022-10-16,2022-09-21,PCTY,Josh Gottheimer,Sale,1001.0,Representatives,"$1,001-$15,000"
5,2022-10-16,2022-09-15,CVET,Josh Gottheimer,Sale,1001.0,Representatives,"$1,001-$15,000"
6,2022-10-16,2022-09-15,STAG,Josh Gottheimer,Purchase,1001.0,Representatives,"$1,001-$15,000"
7,2022-10-16,2022-09-15,VZ,Josh Gottheimer,Sale,1001.0,Representatives,"$1,001-$15,000"
8,2022-10-16,2022-09-15,CRM,Josh Gottheimer,Sale,1001.0,Representatives,"$1,001-$15,000"
9,2022-10-16,2022-09-15,CTSH,Josh Gottheimer,Sale,1001.0,Representatives,"$1,001-$15,000"
10,2022-10-16,2022-09-15,TWKS,Josh Gottheimer,Sale,1001.0,Representatives,"$1,001-$15,000"
11,2022-10-16,2022-09-27,FLYW,Josh Gottheimer,Purchase,1001.0,Representatives,"$1,001-$15,000"
12,2022-10-16,2022-09-15,MDB,Josh Gottheimer,Sale,1001.0,Representatives,"$1,001-$15,000"
13,2022-10-16,2022-09-15,NVDA,Josh Gottheimer,Sale,1001.0,Representatives,"$1,001-$15,000"
14,2022-10-16,2022-09-14,BX,Josh Gottheimer,Sale,1001.0,Representatives,"$1,001-$15,000"
15,2022-10-16,2022-09-14,ABMD,Josh Gottheimer,Sale,1001.0,Representatives,"$1,001-$15,000"
16,2022-10-16,2022-09-01,SAP,Josh Gottheimer,Sale,1001.0,Representatives,"$1,001-$15,000"
17,2022-10-16,2022-09-12,REGN,Josh Gottheimer,Purchase,1001.0,Representatives,"$1,001-$15,000"
18,2022-10-16,2022-09-12,DE,Josh Gottheimer,Sale,1001.0,Representatives,"$1,001-$15,000"
19,2022-10-16,2022-09-27,MGY,Josh Gottheimer,Sale,1001.0,Representatives,"$1,001-$15,000"
20,2022-10-16,2022-09-15,FIS,Josh Gottheimer,Sale,1001.0,Representatives,"$1,001-$15,000"
21,2022-10-16,2022-09-28,DXCM,Josh Gottheimer,Sale,1001.0,Representatives,"$1,001-$15,000"
22,2022-10-16,2022-09-28,ORCL,Josh Gottheimer,Sale,1001.0,Representatives,"$1,001-$15,000"
23,2022-10-16,2022-09-28,HCA,Josh Gottheimer,Sale,1001.0,Representatives,"$1,001-$15,000"
24,2022-10-16,2022-09-28,ALNY,Josh Gottheimer,Purchase,1001.0,Representatives,"$1,001-$15,000"
25,2022-10-16,2022-09-28,UNH,Josh Gottheimer,Purchase,1001.0,Representatives,"$1,001-$15,000"
26,2022-10-14,2022-09-27,SCI,Alan S. Lowenthal,Purchase,1001.0,Representatives,"$1,001-$15,000"
27,2022-10-14,2022-09-16,GOOG,Nancy Pelosi,Purchase,1000001.0,Representatives,"$1,000,001-$5,000,000"
28,2022-10-12,2022-09-14,NUE,Virginia Foxx,Purchase,50001.0,Representatives,"$50,001-$100,000"
29,2022-10-12,2022-09-29,GPP,Virginia Foxx,Purchase,1001.0,Representatives,"$1,001-$15,000"
30,2022-10-12,2022-09-16,USDP,Virginia Foxx,Purchase,1001.0,Representatives,"$1,001-$15,000"
31,2022-10-12,2022-09-16,CF,Virginia Foxx,Purchase,1001.0,Representatives,"$1,001-$15,000"
32,2022-10-12,2022-09-16,AAM$A,Virginia Foxx,Purchase,1001.0,Representatives,"$1,001-$15,000"
33,2022-10-12,2022-09-07,NFG,Virginia Foxx,Purchase,1001.0,Representatives,"$1,001-$15,000"
34,2022-10-12,2022-09-30,IMKTA,Virginia Foxx,Sale,15001.0,Representatives,"$15,001-$50,000"
35,2022-10-12,2022-09-12,CF,Virginia Foxx,Purchase,1001.0,Representatives,"$1,001-$15,000"
36,2022-10-12,2022-09-07,CF,Virginia Foxx,Purchase,1001.0,Representatives,"$1,001-$15,000"
37,2022-10-12,2022-09-06,NU,Tommy Tuberville,Purchase,1001.0,Senate,"$1,001 - $15,000"
38,2022-10-12,2022-09-01,NEWT,Virginia Foxx,Purchase,1001.0,Representatives,"$1,001-$15,000"
39,2022-10-12,2022-09-15,GOGL,Virginia Foxx,Purchase,1001.0,Representatives,"$1,001-$15,000"
40,2022-10-12,2022-09-06,NEWT,Virginia Foxx,Purchase,1001.0,Representatives,"$1,001-$15,000"
41,2022-10-12,2022-09-01,AA,Virginia Foxx,Purchase,1001.0,Representatives,"$1,001-$15,000"
42,2022-10-12,2022-09-30,NFG,Virginia Foxx,Sale,15001.0,Representatives,"$15,001-$50,000"
43,2022-10-12,2022-09-19,DUK$A,Virginia Foxx,Purchase,1001.0,Representatives,"$1,001-$15,000"
44,2022-10-12,2022-09-29,GOGL,Virginia Foxx,Sale,15001.0,Representatives,"$15,001-$50,000"
45,2022-10-12,2022-09-01,GPP,Virginia Foxx,Purchase,1001.0,Representatives,"$1,001-$15,000"
46,2022-10-12,2022-09-01,NHI,Virginia Foxx,Sale,50001.0,Representatives,"$50,001-$100,000"
47,2022-10-12,2022-09-01,CF,Virginia Foxx,Purchase,15001.0,Representatives,"$15,001-$50,000"
48,2022-10-12,2022-09-01,SJT,Virginia Foxx,Purchase,1001.0,Representatives,"$1,001-$15,000"
49,2022-10-12,2022-09-27,NEWT,Virginia Foxx,Sale,15001.0,Representatives,"$15,001-$50,000"
50,2022-10-12,2022-09-28,AA,Virginia Foxx,Sale,15001.0,Representatives,"$15,001-$50,000"
51,2022-10-12,2022-09-12,F,Tommy Tuberville,Sale,15001.0,Senate,"$15,001 - $50,000"
52,2022-10-12,2022-09-21,ABT,David B. Mckinley,Sale,1001.0,Representatives,"$1,001-$15,000"
53,2022-10-12,2022-09-19,ARKK,Tommy Tuberville,Purchase,1001.0,Senate,"$1,001 - $15,000"
54,2022-10-12,2022-09-19,MSFT,Tommy Tuberville,Purchase,250001.0,Senate,"$250,001 - $500,000"
55,2022-10-12,2022-09-26,SJT,Virginia Foxx,Sale,15001.0,Representatives,"$15,001-$50,000"
56,2022-10-12,2022-09-19,X,Tommy Tuberville,Purchase,100001.0,Senate,"$100,001 - $250,000"
57,2022-10-12,2022-09-23,GPP,Virginia Foxx,Purchase,1001.0,Representatives,"$1,001-$15,000"
58,2022-10-12,2022-09-23,AAM$A,Virginia Foxx,Purchase,1001.0,Representatives,"$1,001-$15,000"
59,2022-10-12,2022-09-07,ARKK,Tommy Tuberville,Purchase,50001.0,Senate,"$50,001 - $100,000"
60,2022-10-12,2022-09-12,F,Tommy Tuberville,Purchase,1001.0,Senate,"$1,001 - $15,000"
61,2022-10-12,2022-09-20,X,Tommy Tuberville,Sale,1001.0,Senate,"$1,001 - $15,000"
62,2022-10-12,2022-09-20,MSFT,Tommy Tuberville,Sale,1001.0,Senate,"$1,001 - $15,000"
63,2022-10-12,2022-09-21,TSLA,David B. Mckinley,Purchase,1001.0,Representatives,"$1,001-$15,000"
64,2022-10-12,2022-09-21,GWW,David B. Mckinley,Purchase,1001.0,Representatives,"$1,001-$15,000"
65,2022-10-12,2022-09-21,SWK,David B. Mckinley,Sale,1001.0,Representatives,"$1,001-$15,000"
66,2022-10-12,2022-09-21,CNC,David B. Mckinley,Purchase,1001.0,Representatives,"$1,001-$15,000"
67,2022-10-12,2022-09-20,NEWT,Virginia Foxx,Purchase,1001.0,Representatives,"$1,001-$15,000"
68,2022-10-12,2022-09-21,AJG,David B. Mckinley,Purchase,1001.0,Representatives,"$1,001-$15,000"
69,2022-10-12,2022-09-07,ECOM,Tommy Tuberville,Sale,500001.0,Senate,"$500,001 - $1,000,000"
70,2022-10-12,2022-09-21,KMX,David B. Mckinley,Sale,1001.0,Representatives,"$1,001-$15,000"
71,2022-10-12,2022-09-21,SPGI,David B. Mckinley,Sale,1001.0,Representatives,"$1,001-$15,000"
72,2022-10-12,2022-09-12,F,Tommy Tuberville,Purchase,1001.0,Senate,"$1,001 - $15,000"
73,2022-10-11,2022-09-12,AVGO,Kathy Manning,Sale,1001.0,Representatives,"$1,001-$15,000"
74,2022-10-11,2022-09-12,AMZN,Kathy Manning,Sale,1001.0,Representatives,"$1,001-$15,000"
75,2022-10-11,2022-09-12,ISRG,Kathy Manning,Purchase,1001.0,Representatives,"$1,001-$15,000"
76,2022-10-11,2022-09-09,HD,Scott Franklin,Purchase,1001.0,Representatives,"$1,001-$15,000"
77,2022-10-11,2022-09-12,PG,Kathy Manning,Sale,1001.0,Representatives,"$1,001-$15,000"
78,2022-10-11,2022-09-12,T,Kathy Manning,Purchase,1001.0,Representatives,"$1,001-$15,000"
79,2022-10-11,2022-09-12,LMT,Scott Franklin,Purchase,1001.0,Representatives,"$1,001-$15,000"
80,2022-10-11,2022-09-12,PFE,Kathy Manning,Sale,1001.0,Representatives,"$1,001-$15,000"
81,2022-10-11,2022-09-13,CSCO,Scott Franklin,Purchase,1001.0,Representatives,"$1,001-$15,000"
82,2022-10-11,2022-09-12,MRK,Kathy Manning,Purchase,1001.0,Representatives,"$1,001-$15,000"
83,2022-10-11,2022-09-12,LMT,Scott Franklin,Purchase,50001.0,Representatives,"$50,001-$100,000"
84,2022-10-11,2022-09-12,ABBV,Kathy Manning,Purchase,1001.0,Representatives,"$1,001-$15,000"
85,2022-10-11,2022-09-12,CHTR,Kathy Manning,Purchase,1001.0,Representatives,"$1,001-$15,000"
86,2022-10-11,2022-09-12,MSFT,Kathy Manning,Sale,1001.0,Representatives,"$1,001-$15,000"
87,2022-10-11,2022-09-12,JNJ,Kathy Manning,Sale,1001.0,Representatives,"$1,001-$15,000"
88,2022-10-11,2022-09-09,BAC,Zoe Lofgren,Purchase,1001.0,Representatives,"$1,001-$15,000"
89,2022-10-11,2022-09-13,WMT,Scott Franklin,Purchase,15001.0,Representatives,"$15,001-$50,000"
90,2022-10-11,2022-09-13,MSFT,Scott Franklin,Purchase,15001.0,Representatives,"$15,001-$50,000"
91,2022-10-11,2022-09-12,TSLA,Kathy Manning,Sale,1001.0,Representatives,"$1,001-$15,000"
92,2022-10-11,2022-09-09,BUD,Zoe Lofgren,Purchase,1001.0,Representatives,"$1,001-$15,000"
93,2022-10-11,2022-09-09,SBUX,Scott Franklin,Purchase,15001.0,Representatives,"$15,001-$50,000"
94,2022-10-11,2022-09-09,PWR,Zoe Lofgren,Purchase,1001.0,Representatives,"$1,001-$15,000"
95,2022-10-11,2022-09-09,GILD,Zoe Lofgren,Purchase,1001.0,Representatives,"$1,001-$15,000"
96,2022-10-11,2022-09-09,SBUX,Scott Franklin,Purchase,1001.0,Representatives,"$1,001-$15,000"
97,2022-10-11,2022-09-13,ONEQ,Scott Franklin,Purchase,1001.0,Representatives,"$1,001-$15,000"
98,2022-10-11,2022-09-09,BDX,Zoe Lofgren,Purchase,1001.0,Representatives,"$1,001-$15,000"
99,2022-10-11,2022-09-09,HD,Scott Franklin,Purchase,15001.0,Representatives,"$15,001-$50,000"
100,2022-10-11,2022-09-13,IVW,Scott Franklin,Purchase,1001.0,Representatives,"$1,001-$15,000"
101,2022-10-11,2022-09-13,MDT,Scott Franklin,Purchase,1001.0,Representatives,"$1,001-$15,000"
102,2022-10-11,2022-09-13,WMT,Scott Franklin,Purchase,1001.0,Representatives,"$1,001-$15,000"
103,2022-10-11,2022-09-13,CSCO,Scott Franklin,Purchase,15001.0,Representatives,"$15,001-$50,000"
104,2022-10-11,2022-09-13,MDT,Scott Franklin,Purchase,15001.0,Representatives,"$15,001-$50,000"
105,2022-10-11,2022-09-12,CMCSA,Kathy Manning,Sale,1001.0,Representatives,"$1,001-$15,000"
106,2022-10-10,2022-09-09,XOM,Kevin Hern,Purchase,1001.0,Representatives,"$1,001-$15,000"
107,2022-10-10,2022-09-09,EMR,Kevin Hern,Purchase,1001.0,Representatives,"$1,001-$15,000"
108,2022-10-10,2022-09-20,UNH,Kevin Hern,Purchase,1001.0,Representatives,"$1,001-$15,000"
109,2022-10-10,2022-09-27,VZ,Pete Sessions,Purchase,1001.0,Representatives,"$1,001-$15,000"
110,2022-10-10,2022-09-12,ROK,Kevin Hern,Purchase,1001.0,Representatives,"$1,001-$15,000"
111,2022-10-10,2022-09-26,WMB,Kevin Hern,Purchase,1001.0,Representatives,"$1,001-$15,000"
112,2022-10-10,2022-09-30,DVN,Kevin Hern,Purchase,1001.0,Representatives,"$1,001-$15,000"
113,2022-10-10,2022-09-30,DGRO,Kevin Hern,Purchase,1001.0,Representatives,"$1,001-$15,000"
114,2022-10-10,2022-09-15,HD,Kevin Hern,Purchase,1001.0,Representatives,"$1,001-$15,000"
115,2022-10-10,2022-09-30,DVN,Kevin Hern,Purchase,15001.0,Representatives,"$15,001-$50,000"
116,2022-10-10,2022-09-15,NEE,Kevin Hern,Purchase,1001.0,Representatives,"$1,001-$15,000"
117,2022-10-10,2022-09-21,MCD,Pete Sessions,Purchase,1001.0,Representatives,"$1,001-$15,000"
118,2022-10-10,2022-09-16,PXD,Kevin Hern,Purchase,1001.0,Representatives,"$1,001-$15,000"
119,2022-10-10,2022-09-16,PXD,Kevin Hern,Purchase,15001.0,Representatives,"$15,001-$50,000"
120,2022-10-10,2022-09-07,JEPI,Kevin Hern,Purchase,1001.0,Representatives,"$1,001-$15,000"
121,2022-10-08,2022-09-23,SCI,Alan S. Lowenthal,Purchase,1001.0,Representatives,"$1,001-$15,000"
122,2022-10-06,2022-09-28,GNRC,James R. Langevin,Sale,15001.0,Representatives,"$15,001-$50,000"
123,2022-10-06,2022-09-28,SQ,James R. Langevin,Sale,1001.0,Representatives,"$1,001-$15,000"
124,2022-10-05,2022-09-30,ALK,Earl Blumenauer,Purchase,1001.0,Representatives,"$1,001-$15,000"
125,2022-10-05,2022-09-15,IFF,Robert J. Wittman,Sale,1001.0,Representatives,"$1,001-$15,000"
126,2022-10-05,2022-09-28,NEM,Earl Blumenauer,Purchase,1001.0,Representatives,"$1,001-$15,000"
127,2022-10-05,2022-09-27,WRK,Robert J. Wittman,Sale,1001.0,Representatives,"$1,001-$15,000"
128,2022-10-05,2022-09-26,EMR,Earl Blumenauer,Purchase,1001.0,Representatives,"$1,001-$15,000"
129,2022-10-05,2022-09-26,AMGN,Earl Blumenauer,Purchase,1001.0,Representatives,"$1,001-$15,000"
130,2022-10-05,2022-09-15,MA,Robert J. Wittman,Sale,1001.0,Representatives,"$1,001-$15,000"
131,2022-10-05,2022-09-26,CNC,Earl Blumenauer,Purchase,1001.0,Representatives,"$1,001-$15,000"
132,2022-10-05,2022-09-15,CMCSA,Robert J. Wittman,Sale,1001.0,Representatives,"$1,001-$15,000"
133,2022-10-04,2022-09-19,SH,Thomas R. Carper,Sale,15001.0,Senate,"$15,001 - $50,000"
134,2022-10-04,2022-09-15,SQM,Thomas R. Carper,Sale,1001.0,Senate,"$1,001 - $15,000"
135,2022-10-04,2022-09-19,SH,Thomas R. Carper,Sale,1001.0,Senate,"$1,001 - $15,000"
136,2022-10-04,2022-09-19,SH,Thomas R. Carper,Sale,1001.0,Senate,"$1,001 - $15,000"
137,2022-10-03,2022-09-28,ET,Mark Dr Green,Sale,15001.0,Representatives,"$15,001-$50,000"
138,2022-10-01,2022-09-22,CRM,Alan S. Lowenthal,Purchase,1001.0,Representatives,"$1,001-$15,000"
139,2022-10-01,2022-09-22,SCI,Alan S. Lowenthal,Purchase,1001.0,Representatives,"$1,001-$15,000"
140,2022-10-01,2022-09-23,SCI,Alan S. Lowenthal,Purchase,1001.0,Representatives,"$1,001-$15,000"
141,2022-10-01,2022-09-26,SCI,Alan S. Lowenthal,Purchase,1001.0,Representatives,"$1,001-$15,000"
142,2022-09-30,2022-09-14,LGF.B,Debbie Wasserman Schultz,Purchase,1001.0,Representatives,"$1,001-$15,000"
143,2022-09-30,2022-09-14,LGF.B,Debbie Wasserman Schultz,Purchase,1001.0,Representatives,"$1,001-$15,000"
144,2022-09-30,2022-09-27,MRVL,Ron Estes,Sale,1001.0,Representatives,"$1,001-$15,000"
145,2022-09-27,2022-08-25,SNV,Greg Steube,Sale,1001.0,Representatives,"$1,001-$15,000"
146,2022-09-26,2022-09-02,CHPT,Ed Perlmutter,Purchase,1001.0,Representatives,"$1,001-$15,000"
147,2022-09-26,2022-09-06,WFC,A. Mitchell Jr. McConnell,Purchase,1001.0,Senate,"$1,001 - $15,000"
148,2022-09-23,2022-08-26,AAPL,Robert B. Aderholt,Purchase,1001.0,Representatives,"$1,001-$15,000"
149,2022-09-20,2022-09-07,CL,Lois Frankel,Sale,1001.0,Representatives,"$1,001-$15,000"
150,2022-09-20,2022-09-14,DHR,Lois Frankel,Sale,1001.0,Representatives,"$1,001-$15,000"
151,2022-09-20,2022-09-07,KLAC,Lois Frankel,Purchase,1001.0,Representatives,"$1,001-$15,000"
152,2022-09-20,2022-09-07,ETN,Lois Frankel,Sale,1001.0,Representatives,"$1,001-$15,000"
153,2022-09-20,2022-09-07,TGT,Lois Frankel,Purchase,1001.0,Representatives,"$1,001-$15,000"
154,2022-09-20,2022-09-07,LOW,Lois Frankel,Purchase,1001.0,Representatives,"$1,001-$15,000"
155,2022-09-20,2022-09-12,ADI,Lois Frankel,Purchase,1001.0,Representatives,"$1,001-$15,000"
156,2022-09-20,2022-09-14,KLAC,Lois Frankel,Purchase,1001.0,Representatives,"$1,001-$15,000"
157,2022-09-20,2022-08-31,SYK,Michael C. Burgess,Sale,1001.0,Representatives,"$1,001-$15,000"
158,2022-09-20,2022-09-14,ACN,Lois Frankel,Sale,1001.0,Representatives,"$1,001-$15,000"
159,2022-09-20,2022-09-07,ACN,Lois Frankel,Sale,1001.0,Representatives,"$1,001-$15,000"
160,2022-09-19,2022-08-15,CRNC,Josh Gottheimer,Sale,1001.0,Representatives,"$1,001-$15,000"
161,2022-09-16,2022-08-11,BX,Josh Gottheimer,Sale,1001.0,Representatives,"$1,001-$15,000"
162,2022-09-16,2022-08-16,LOW,Josh Gottheimer,Sale,1001.0,Representatives,"$1,001-$15,000"
163,2022-09-16,2022-08-12,ADP,Josh Gottheimer,Purchase,1001.0,Representatives,"$1,001-$15,000"
164,2022-09-16,2022-08-11,CCXI,Josh Gottheimer,Sale,1001.0,Representatives,"$1,001-$15,000"
165,2022-09-16,2022-08-17,MSFT,Josh Gottheimer,Sale,100001.0,Representatives,"$100,001-250,000"
166,2022-09-16,2022-08-11,BCRX,Josh Gottheimer,Purchase,1001.0,Representatives,"$1,001-$15,000"
167,2022-09-16,2022-08-05,ROK,Josh Gottheimer,Sale,1001.0,Representatives,"$1,001-$15,000"
168,2022-09-16,2022-08-11,UNH,Josh Gottheimer,Purchase,1001.0,Representatives,"$1,001-$15,000"
169,2022-09-16,2022-08-10,RPD,Josh Gottheimer,Sale,1001.0,Representatives,"$1,001-$15,000"
170,2022-09-16,2022-08-05,TT,Josh Gottheimer,Sale,1001.0,Representatives,"$1,001-$15,000"
171,2022-09-16,2022-08-02,SGSOY,Josh Gottheimer,Sale,1001.0,Representatives,"$1,001-$15,000"
172,2022-09-16,2022-08-05,HALO,Josh Gottheimer,Sale,1001.0,Representatives,"$1,001-$15,000"
173,2022-09-16,2022-08-05,KO,Josh Gottheimer,Purchase,1001.0,Representatives,"$1,001-$15,000"
174,2022-09-16,2022-08-17,MSFT,Josh Gottheimer,Purchase,100001.0,Representatives,"$100,001-250,000"
175,2022-09-16,2022-08-17,SHW,Josh Gottheimer,Sale,1001.0,Representatives,"$1,001-$15,000"
176,2022-09-16,2022-09-08,LBRDA,Cindy Axne,Sale,1001.0,Representatives,"$1,001-$15,000"
177,2022-09-16,2022-09-08,LBRDA,Cindy Axne,Sale,1001.0,Representatives,"$1,001-$15,000"
178,2022-09-16,2022-08-26,AAPL,Josh Gottheimer,Sale,1001.0,Representatives,"$1,001-$15,000"
179,2022-09-16,2022-09-08,LBRDA,Cindy Axne,Sale,1001.0,Representatives,"$1,001-$15,000"
180,2022-09-15,2022-08-01,OC,Tommy Tuberville,Purchase,15001.0,Senate,"$15,001 - $50,000"
181,2022-09-15,2022-08-03,CLF,Tommy Tuberville,Sale,1001.0,Senate,"$1,001 - $15,000"
182,2022-09-15,2022-08-01,PCNNX,Tommy Tuberville,Sale,15001.0,Senate,"$15,001 - $50,000"
183,2022-09-15,2022-08-16,TXN,Kevin Hern,Purchase,1001.0,Representatives,"$1,001-$15,000"
184,2022-09-15,2022-08-01,JHCBX,Tommy Tuberville,Sale,15001.0,Senate,"$15,001 - $50,000"
185,2022-09-15,2022-08-25,PTC,Kevin Hern,Purchase,15001.0,Representatives,"$15,001-$50,000"
186,2022-09-15,2022-08-15,OKE,Kevin Hern,Purchase,1001.0,Representatives,"$1,001-$15,000"
187,2022-09-15,2022-08-15,ACN,Kevin Hern,Purchase,1001.0,Representatives,"$1,001-$15,000"
188,2022-09-15,2022-08-01,RSP,Tommy Tuberville,Purchase,15001.0,Senate,"$15,001 - $50,000"
189,2022-09-15,2022-08-03,PYPL,Tommy Tuberville,Sale,15001.0,Senate,"$15,001 - $50,000"
190,2022-09-15,2022-08-05,INTC,Tommy Tuberville,Purchase,100001.0,Senate,"$100,001 - $250,000"
191,2022-09-15,2022-08-12,MMP,Kevin Hern,Purchase,1001.0,Representatives,"$1,001-$15,000"
192,2022-09-15,2022-08-01,IVV,Tommy Tuberville,Sale,15001.0,Senate,"$15,001 - $50,000"
193,2022-09-15,2022-08-11,INTC,Tommy Tuberville,Purchase,1001.0,Senate,"$1,001 - $15,000"
194,2022-09-15,2022-08-01,TSCO,Tommy Tuberville,Sale,1001.0,Senate,"$1,001 - $15,000"
195,2022-09-15,2022-08-12,X,Tommy Tuberville,Purchase,1001.0,Senate,"$1,001 - $15,000"
196,2022-09-15,2022-08-18,MRO,Tommy Tuberville,Purchase,1001.0,Senate,"$1,001 - $15,000"
197,2022-09-15,2022-08-25,ARKK,Tommy Tuberville,Purchase,50001.0,Senate,"$50,001 - $100,000"
198,2022-09-15,2022-08-26,SSYS,Tommy Tuberville,Sale,50001.0,Senate,"$50,001 - $100,000"
199,2022-09-15,2022-08-01,DHS,Tommy Tuberville,Purchase,15001.0,Senate,"$15,001 - $50,000"
200,2022-09-15,2022-08-01,XLY,Tommy Tuberville,Sale,15001.0,Senate,"$15,001 - $50,000"
201,2022-09-15,2022-08-01,EFAV,Tommy Tuberville,Sale,15001.0,Senate,"$15,001 - $50,000"
202,2022-09-15,2022-08-01,XLC,Tommy Tuberville,Sale,15001.0,Senate,"$15,001 - $50,000"
203,2022-09-15,2022-08-17,CTRA,Kevin Hern,Purchase,15001.0,Representatives,"$15,001-$50,000"
204,2022-09-15,2022-08-25,ASML,Kevin Hern,Purchase,50001.0,Representatives,"$50,001-$100,000"
205,2022-09-15,2022-08-01,ORCL,Tommy Tuberville,Sale,1001.0,Senate,"$1,001 - $15,000"
206,2022-09-15,2022-08-01,VTRS,Tommy Tuberville,Sale,1001.0,Senate,"$1,001 - $15,000"
207,2022-09-15,2022-08-01,ABNFX,Tommy Tuberville,Purchase,15001.0,Senate,"$15,001 - $50,000"
208,2022-09-15,2022-08-18,CDNS,Kevin Hern,Purchase,15001.0,Representatives,"$15,001-$50,000"
209,2022-09-15,2022-08-01,MUB,Tommy Tuberville,Purchase,50001.0,Senate,"$50,001 - $100,000"
210,2022-09-15,2022-08-01,IDV,Tommy Tuberville,Purchase,15001.0,Senate,"$15,001 - $50,000"
211,2022-09-14,2022-08-03,MAS,Kathy Manning,Sale,1001.0,Representatives,"$1,001-$15,000"
212,2022-09-14,2022-08-03,DPZ,Kathy Manning,Sale,1001.0,Representatives,"$1,001-$15,000"
213,2022-09-14,2022-08-03,IP,Kathy Manning,Sale,1001.0,Representatives,"$1,001-$15,000"
214,2022-09-14,2022-08-05,AMZN,Kathy Manning,Purchase,1001.0,Representatives,"$1,001-$15,000"
215,2022-09-14,2022-08-03,CE,Kathy Manning,Sale,1001.0,Representatives,"$1,001-$15,000"
216,2022-09-14,2022-08-05,JNJ,Kathy Manning,Purchase,1001.0,Representatives,"$1,001-$15,000"
217,2022-09-14,2022-08-05,T,Kathy Manning,Sale,1001.0,Representatives,"$1,001-$15,000"
218,2022-09-14,2022-08-03,MO,Kathy Manning,Sale,1001.0,Representatives,"$1,001-$15,000"
219,2022-09-14,2022-08-05,BRK.B,Kathy Manning,Purchase,1001.0,Representatives,"$1,001-$15,000"
220,2022-09-14,2022-08-05,HD,Kathy Manning,Purchase,1001.0,Representatives,"$1,001-$15,000"
221,2022-09-14,2022-08-03,ORCL,Kathy Manning,Sale,1001.0,Representatives,"$1,001-$15,000"
222,2022-09-14,2022-08-05,BAC,Kathy Manning,Purchase,1001.0,Representatives,"$1,001-$15,000"
223,2022-09-14,2022-08-03,EMN,Kathy Manning,Sale,1001.0,Representatives,"$1,001-$15,000"
224,2022-09-14,2022-08-05,PG,Kathy Manning,Purchase,1001.0,Representatives,"$1,001-$15,000"
225,2022-09-14,2022-08-03,DVN,Kathy Manning,Sale,1001.0,Representatives,"$1,001-$15,000"
226,2022-09-14,2022-08-03,APA,Kathy Manning,Sale,1001.0,Representatives,"$1,001-$15,000"
227,2022-09-14,2022-08-05,GOOG,Kathy Manning,Purchase,1001.0,Representatives,"$1,001-$15,000"
228,2022-09-14,2022-08-05,PFE,Kathy Manning,Purchase,1001.0,Representatives,"$1,001-$15,000"
229,2022-09-14,2022-08-05,CVX,Kathy Manning,Purchase,1001.0,Representatives,"$1,001-$15,000"
230,2022-09-14,2022-08-05,PEP,Kathy Manning,Purchase,1001.0,Representatives,"$1,001-$15,000"
231,2022-09-14,2022-08-05,GOOGL,Kathy Manning,Purchase,1001.0,Representatives,"$1,001-$15,000"
232,2022-09-14,2022-08-03,L,Kathy Manning,Sale,1001.0,Representatives,"$1,001-$15,000"
233,2022-09-14,2022-08-05,UNH,Kathy Manning,Purchase,1001.0,Representatives,"$1,001-$15,000"
234,2022-09-14,2022-08-05,XOM,Kathy Manning,Purchase,1001.0,Representatives,"$1,001-$15,000"
235,2022-09-14,2022-08-03,DGX,Kathy Manning,Sale,1001.0,Representatives,"$1,001-$15,000"
236,2022-09-14,2022-08-03,BXP,Kathy Manning,Sale,1001.0,Representatives,"$1,001-$15,000"
237,2022-09-14,2022-08-03,MRO,Kathy Manning,Sale,1001.0,Representatives,"$1,001-$15,000"
238,2022-09-14,2022-08-03,BLDR,Kathy Manning,Sale,1001.0,Representatives,"$1,001-$15,000"
239,2022-09-14,2022-08-05,COST,Kathy Manning,Purchase,1001.0,Representatives,"$1,001-$15,000"
240,2022-09-14,2022-08-03,MET,Kathy Manning,Sale,1001.0,Representatives,"$1,001-$15,000"
241,2022-09-14,2022-08-03,SYF,Kathy Manning,Sale,1001.0,Representatives,"$1,001-$15,000"
242,2022-09-14,2022-08-03,CCK,Kathy Manning,Sale,1001.0,Representatives,"$1,001-$15,000"
243,2022-09-14,2022-08-03,NVR,Kathy Manning,Sale,1001.0,Representatives,"$1,001-$15,000"
244,2022-09-14,2022-08-03,COF,Kathy Manning,Sale,1001.0,Representatives,"$1,001-$15,000"
245,2022-09-14,2022-08-05,MRK,Kathy Manning,Sale,1001.0,Representatives,"$1,001-$15,000"
246,2022-09-14,2022-08-03,MPC,Kathy Manning,Sale,1001.0,Representatives,"$1,001-$15,000"
247,2022-09-14,2022-08-03,DFS,Kathy Manning,Sale,1001.0,Representatives,"$1,001-$15,000"
248,2022-09-14,2022-08-03,LOW,Kathy Manning,Sale,1001.0,Representatives,"$1,001-$15,000"
249,2022-09-14,2022-08-03,AMGN,Kathy Manning,Sale,1001.0,Representatives,"$1,001-$15,000"
250,2022-09-14,2022-08-03,DRI,Kathy Manning,Sale,1001.0,Representatives,"$1,001-$15,000"
251,2022-09-14,2022-08-03,LUMN,Kathy Manning,Sale,1001.0,Representatives,"$1,001-$15,000"
252,2022-09-14,2022-08-03,HPQ,Kathy Manning,Sale,1001.0,Representatives,"$1,001-$15,000"
253,2022-09-14,2022-08-03,REG,Kathy Manning,Sale,1001.0,Representatives,"$1,001-$15,000"
254,2022-09-14,2022-08-05,META,Kathy Manning,Purchase,1001.0,Representatives,"$1,001-$15,000"
255,2022-09-14,2022-08-05,AAPL,Kathy Manning,Purchase,1001.0,Representatives,"$1,001-$15,000"
256,2022-09-14,2022-08-05,MSFT,Kathy Manning,Purchase,1001.0,Representatives,"$1,001-$15,000"
257,2022-09-14,2022-08-03,FICO,Kathy Manning,Sale,1001.0,Representatives,"$1,001-$15,000"
258,2022-09-14,2022-08-03,AIG,Kathy Manning,Sale,1001.0,Representatives,"$1,001-$15,000"
259,2022-09-14,2022-08-05,AVGO,Kathy Manning,Purchase,1001.0,Representatives,"$1,001-$15,000"
260,2022-09-14,2022-08-03,WY,Kathy Manning,Sale,1001.0,Representatives,"$1,001-$15,000"
261,2022-09-14,2022-08-03,CAH,Kathy Manning,Sale,1001.0,Representatives,"$1,001-$15,000"
262,2022-09-14,2022-08-03,BIIB,Kathy Manning,Sale,1001.0,Representatives,"$1,001-$15,000"
263,2022-09-14,2022-08-03,T,Kathy Manning,Sale,1001.0,Representatives,"$1,001-$15,000"
264,2022-09-14,2022-08-03,WFC,Kathy Manning,Sale,1001.0,Representatives,"$1,001-$15,000"
265,2022-09-14,2022-08-03,CMA,Kathy Manning,Sale,1001.0,Representatives,"$1,001-$15,000"
266,2022-09-14,2022-08-03,AMP,Kathy Manning,Sale,1001.0,Representatives,"$1,001-$15,000"
267,2022-09-14,2022-08-03,LBTYK,Kathy Manning,Sale,1001.0,Representatives,"$1,001-$15,000"
268,2022-09-14,2022-08-03,WHR,Kathy Manning,Sale,1001.0,Representatives,"$1,001-$15,000"
269,2022-09-14,2022-08-03,BK,Kathy Manning,Sale,1001.0,Representatives,"$1,001-$15,000"
270,2022-09-14,2022-08-03,UNP,Kathy Manning,Sale,1001.0,Representatives,"$1,001-$15,000"
271,2022-09-14,2022-08-03,NOC,Kathy Manning,Sale,1001.0,Representatives,"$1,001-$15,000"
272,2022-09-14,2022-08-03,SPG,Kathy Manning,Sale,1001.0,Representatives,"$1,001-$15,000"
273,2022-09-14,2022-08-03,KEY,Kathy Manning,Sale,1001.0,Representatives,"$1,001-$15,000"
274,2022-09-14,2022-08-03,PHM,Kathy Manning,Sale,1001.0,Representatives,"$1,001-$15,000"
275,2022-09-14,2022-08-03,HCA,Kathy Manning,Sale,1001.0,Representatives,"$1,001-$15,000"
276,2022-09-14,2022-08-03,AZO,Kathy Manning,Sale,1001.0,Representatives,"$1,001-$15,000"
277,2022-09-14,2022-08-03,C,Kathy Manning,Sale,1001.0,Representatives,"$1,001-$15,000"
278,2022-09-14,2022-08-03,BBY,Kathy Manning,Sale,1001.0,Representatives,"$1,001-$15,000"
279,2022-09-14,2022-08-03,KMI,Kathy Manning,Sale,1001.0,Representatives,"$1,001-$15,000"
280,2022-09-14,2022-08-03,IT,Kathy Manning,Sale,1001.0,Representatives,"$1,001-$15,000"
281,2022-09-14,2022-08-03,AMCR,Kathy Manning,Sale,1001.0,Representatives,"$1,001-$15,000"
282,2022-09-14,2022-08-05,TSLA,Kathy Manning,Purchase,1001.0,Representatives,"$1,001-$15,000"
283,2022-09-14,2022-08-03,PRU,Kathy Manning,Sale,1001.0,Representatives,"$1,001-$15,000"
284,2022-09-14,2022-08-05,NVDA,Kathy Manning,Purchase,1001.0,Representatives,"$1,001-$15,000"
285,2022-09-14,2022-08-03,CHTR,Kathy Manning,Sale,1001.0,Representatives,"$1,001-$15,000"
286,2022-09-14,2022-08-03,BAC,Kathy Manning,Sale,1001.0,Representatives,"$1,001-$15,000"
287,2022-09-14,2022-08-03,HST,Kathy Manning,Sale,1001.0,Representatives,"$1,001-$15,000"
288,2022-09-14,2022-08-03,MCK,Kathy Manning,Sale,1001.0,Representatives,"$1,001-$15,000"
289,2022-09-14,2022-08-03,LHX,Kathy Manning,Sale,1001.0,Representatives,"$1,001-$15,000"
290,2022-09-13,2022-08-25,AMAT,Zoe Lofgren,Sale,1001.0,Representatives,"$1,001-$15,000"
291,2022-09-13,2022-08-25,CRL,Zoe Lofgren,Sale,1001.0,Representatives,"$1,001-$15,000"
292,2022-09-13,2022-08-25,DIS,Zoe Lofgren,Purchase,1001.0,Representatives,"$1,001-$15,000"
293,2022-09-12,2022-08-03,VRAI,Steve Cohen,Purchase,15001.0,Representatives,"$15,001-$50,000"
294,2022-09-12,2022-08-03,GOLD,Steve Cohen,Purchase,15001.0,Representatives,"$15,001-$50,000"
295,2022-09-12,2022-09-01,SPG,Victoria Spartz,Purchase,15001.0,Representatives,"$15,001-$50,000"
296,2022-09-10,2022-08-10,GOOG,Robert J. Wittman,Purchase,1001.0,Representatives,"$1,001-$15,000"
297,2022-09-10,2022-08-15,DIS,Richard W. Allen,Sale,15001.0,Representatives,"$15,001-$50,000"
298,2022-09-10,2022-08-10,MSFT,Robert J. Wittman,Purchase,1001.0,Representatives,"$1,001-$15,000"
299,2022-09-10,2022-08-10,AMZN,Robert J. Wittman,Purchase,1001.0,Representatives,"$1,001-$15,000"
300,2022-09-08,2022-08-31,VGR,Virginia Foxx,Purchase,1001.0,Representatives,"$1,001-$15,000"
301,2022-09-08,2022-08-03,HES,Virginia Foxx,Purchase,15001.0,Representatives,"$15,001-$50,000"
302,2022-09-08,2022-08-01,KMI,Virginia Foxx,Sale,50001.0,Representatives,"$50,001-$100,000"
303,2022-09-08,2022-08-31,SJT,Virginia Foxx,Purchase,1001.0,Representatives,"$1,001-$15,000"
304,2022-09-08,2022-08-03,NFG,Virginia Foxx,Purchase,1001.0,Representatives,"$1,001-$15,000"
305,2022-09-08,2022-08-02,AA,Virginia Foxx,Purchase,1001.0,Representatives,"$1,001-$15,000"
306,2022-09-08,2022-08-02,KNOP,Virginia Foxx,Sale,50001.0,Representatives,"$50,001-$100,000"
307,2022-09-08,2022-08-02,NFG,Virginia Foxx,Purchase,15001.0,Representatives,"$15,001-$50,000"
308,2022-09-08,2022-08-24,SIRE,Virginia Foxx,Purchase,1001.0,Representatives,"$1,001-$15,000"
309,2022-09-08,2022-08-31,AA,Virginia Foxx,Purchase,1001.0,Representatives,"$1,001-$15,000"
310,2022-09-08,2022-08-26,GPP,Virginia Foxx,Purchase,1001.0,Representatives,"$1,001-$15,000"
311,2022-09-08,2022-08-11,SJT,Virginia Foxx,Purchase,1001.0,Representatives,"$1,001-$15,000"
312,2022-09-08,2022-08-26,VGR,Virginia Foxx,Purchase,1001.0,Representatives,"$1,001-$15,000"
313,2022-09-08,2022-08-26,FLNG,Virginia Foxx,Purchase,1001.0,Representatives,"$1,001-$15,000"
314,2022-09-08,2022-08-16,GSK,Virginia Foxx,Purchase,1001.0,Representatives,"$1,001-$15,000"
315,2022-09-08,2022-08-25,SJT,Virginia Foxx,Purchase,1001.0,Representatives,"$1,001-$15,000"
316,2022-09-08,2022-08-17,VGR,Virginia Foxx,Purchase,1001.0,Representatives,"$1,001-$15,000"
317,2022-09-08,2022-08-17,DASH,James R. Langevin,Purchase,15001.0,Representatives,"$15,001-$50,000"
318,2022-09-08,2022-08-17,GOGL,Virginia Foxx,Purchase,1001.0,Representatives,"$1,001-$15,000"
319,2022-09-08,2022-08-18,GOGL,Virginia Foxx,Purchase,1001.0,Representatives,"$1,001-$15,000"
320,2022-09-08,2022-08-19,T$A,Virginia Foxx,Purchase,1001.0,Representatives,"$1,001-$15,000"
321,2022-09-08,2022-08-19,GOGL,Virginia Foxx,Purchase,1001.0,Representatives,"$1,001-$15,000"
322,2022-09-08,2022-08-19,AA,Virginia Foxx,Purchase,1001.0,Representatives,"$1,001-$15,000"
323,2022-09-08,2022-08-22,K,Virginia Foxx,Purchase,1001.0,Representatives,"$1,001-$15,000"
324,2022-09-08,2022-08-22,GOGL,Virginia Foxx,Purchase,1001.0,Representatives,"$1,001-$15,000"
325,2022-09-08,2022-08-22,VGR,Virginia Foxx,Purchase,1001.0,Representatives,"$1,001-$15,000"
326,2022-09-08,2022-08-22,AA,Virginia Foxx,Purchase,1001.0,Representatives,"$1,001-$15,000"
327,2022-09-08,2022-08-23,SJT,Virginia Foxx,Purchase,1001.0,Representatives,"$1,001-$15,000"
328,2022-09-08,2022-08-23,BTI,Virginia Foxx,Purchase,1001.0,Representatives,"$1,001-$15,000"
329,2022-09-08,2022-08-23,FLNG,Virginia Foxx,Purchase,1001.0,Representatives,"$1,001-$15,000"
330,2022-09-08,2022-08-24,VGR,Virginia Foxx,Purchase,1001.0,Representatives,"$1,001-$15,000"
331,2022-09-08,2022-08-24,GOGL,Virginia Foxx,Purchase,1001.0,Representatives,"$1,001-$15,000"
332,2022-09-08,2022-08-04,VGR,Virginia Foxx,Purchase,1001.0,Representatives,"$1,001-$15,000"
333,2022-09-08,2022-08-26,SJT,Virginia Foxx,Purchase,1001.0,Representatives,"$1,001-$15,000"
334,2022-09-08,2022-08-10,GSK,Virginia Foxx,Purchase,15001.0,Representatives,"$15,001-$50,000"
335,2022-09-08,2022-08-09,GPP,Virginia Foxx,Purchase,1001.0,Representatives,"$1,001-$15,000"
336,2022-09-08,2022-08-04,HES,Virginia Foxx,Purchase,1001.0,Representatives,"$1,001-$15,000"
337,2022-09-08,2022-08-30,AA,Virginia Foxx,Purchase,1001.0,Representatives,"$1,001-$15,000"
338,2022-09-08,2022-08-04,FLNG,Virginia Foxx,Purchase,15001.0,Representatives,"$15,001-$50,000"
339,2022-09-08,2022-08-04,MOS,Virginia Foxx,Purchase,1001.0,Representatives,"$1,001-$15,000"
340,2022-09-08,2022-08-04,AA,Virginia Foxx,Purchase,1001.0,Representatives,"$1,001-$15,000"
341,2022-09-08,2022-08-30,VGR,Virginia Foxx,Purchase,1001.0,Representatives,"$1,001-$15,000"
342,2022-09-08,2022-08-30,IMKTA,Virginia Foxx,Purchase,50001.0,Representatives,"$50,001-$100,000"
343,2022-09-08,2022-08-30,USDP,Virginia Foxx,Purchase,1001.0,Representatives,"$1,001-$15,000"
344,2022-09-08,2022-08-24,SJT,Virginia Foxx,Purchase,1001.0,Representatives,"$1,001-$15,000"
345,2022-09-08,2022-08-05,GSK,Virginia Foxx,Purchase,15001.0,Representatives,"$15,001-$50,000"
346,2022-09-08,2022-08-05,MOS,Virginia Foxx,Purchase,15001.0,Representatives,"$15,001-$50,000"
347,2022-09-08,2022-08-01,MOS,Virginia Foxx,Purchase,1001.0,Representatives,"$1,001-$15,000"
348,2022-09-08,2022-08-05,VGR,Virginia Foxx,Purchase,15001.0,Representatives,"$15,001-$50,000"
349,2022-09-08,2022-08-30,GOGL,Virginia Foxx,Purchase,15001.0,Representatives,"$15,001-$50,000"
350,2022-09-08,2022-08-29,SJT,Virginia Foxx,Purchase,1001.0,Representatives,"$1,001-$15,000"
351,2022-09-08,2022-08-05,SQ,James R. Langevin,Sale,100001.0,Representatives,"$100,001-250,000"
352,2022-09-08,2022-08-29,GOGL,Virginia Foxx,Purchase,1001.0,Representatives,"$1,001-$15,000"
353,2022-09-08,2022-08-08,NFG,Virginia Foxx,Purchase,1001.0,Representatives,"$1,001-$15,000"
354,2022-09-08,2022-08-01,FLNG,Virginia Foxx,Purchase,15001.0,Representatives,"$15,001-$50,000"
355,2022-09-08,2022-08-26,GOGL,Virginia Foxx,Purchase,1001.0,Representatives,"$1,001-$15,000"
356,2022-09-08,2022-08-09,GSK,Virginia Foxx,Purchase,1001.0,Representatives,"$1,001-$15,000"
357,2022-09-08,2022-08-09,SQ,James R. Langevin,Purchase,50001.0,Representatives,"$50,001-$100,000"
358,2022-09-06,2022-09-06,AAPL,Bob Gibbs,Purchase,1001.0,Representatives,"$1,001-$15,000"
359,2022-09-06,2022-08-16,PG,Lloyd Doggett,Purchase,1001.0,Representatives,"$1,001-$15,000"
360,2022-09-06,2022-09-06,AAPL,Bob Gibbs,Purchase,1001.0,Representatives,"$1,001-$15,000"
361,2022-09-05,2022-08-03,INTC,Earl Blumenauer,Sale,1001.0,Representatives,"$1,001-$15,000"
362,2022-09-05,2022-08-03,CARR,Earl Blumenauer,Purchase,1001.0,Representatives,"$1,001-$15,000"
363,2022-09-05,2022-08-15,NWN,Earl Blumenauer,Purchase,1001.0,Representatives,"$1,001-$15,000"
364,2022-09-03,2022-08-10,CCK,Alan S. Lowenthal,Purchase,1001.0,Representatives,"$1,001-$15,000"
365,2022-09-03,2022-08-26,ZTS,Alan S. Lowenthal,Purchase,15001.0,Representatives,"$15,001-$50,000"
366,2022-09-02,2022-08-18,SQM,Thomas R. Carper,Purchase,1001.0,Senate,"$1,001 - $15,000"
367,2022-09-02,2022-08-19,BKEPP,Bill Hagerty,Sale,15001.0,Senate,"$15,001 - $50,000"
368,2022-09-02,2022-08-18,FAST,Thomas R. Carper,Sale,1001.0,Senate,"$1,001 - $15,000"
369,2022-09-02,2022-08-08,UPS,Carol Devine Miller,Purchase,15001.0,Representatives,"$15,001-$50,000"
370,2022-09-02,2022-08-08,EMR,Carol Devine Miller,Sale,15001.0,Representatives,"$15,001-$50,000"
371,2022-09-02,2022-08-08,TGT,Carol Devine Miller,Purchase,15001.0,Representatives,"$15,001-$50,000"
372,2022-09-01,2022-08-30,SAIC,Gerald E. Connolly,Sale,1001.0,Representatives,"$1,001-$15,000"
373,2022-09-01,2022-08-30,D,Gerald E. Connolly,Sale,15001.0,Representatives,"$15,001-$50,000"
374,2022-09-01,2022-08-30,LDOS,Gerald E. Connolly,Sale,15001.0,Representatives,"$15,001-$50,000"
375,2022-09-01,2022-08-29,NGL,Mark Dr Green,Sale,1001.0,Representatives,"$1,001-$15,000"
376,2022-09-01,2022-08-29,ET,Mark Dr Green,Sale,15001.0,Representatives,"$15,001-$50,000"
377,2022-08-31,2022-07-22,ADI,Lois Frankel,Sale,1001.0,Representatives,"$1,001-$15,000"
378,2022-08-31,2022-07-22,HUBB,Lois Frankel,Sale,1001.0,Representatives,"$1,001-$15,000"
379,2022-08-31,2022-07-22,TT,Lois Frankel,Purchase,1001.0,Representatives,"$1,001-$15,000"
380,2022-08-31,2022-07-21,CL,Lois Frankel,Sale,1001.0,Representatives,"$1,001-$15,000"
381,2022-08-31,2022-08-10,TGT,Lois Frankel,Purchase,1001.0,Representatives,"$1,001-$15,000"
382,2022-08-31,2022-08-10,CL,Lois Frankel,Sale,1001.0,Representatives,"$1,001-$15,000"
383,2022-08-31,2022-07-28,ZBH,Lois Frankel,Sale,1001.0,Representatives,"$1,001-$15,000"
384,2022-08-31,2022-07-28,BURL,Lois Frankel,Sale,1001.0,Representatives,"$1,001-$15,000"
385,2022-08-31,2022-07-28,ARE,Lois Frankel,Purchase,1001.0,Representatives,"$1,001-$15,000"
386,2022-08-31,2022-08-03,NOC,Lois Frankel,Sale,1001.0,Representatives,"$1,001-$15,000"
387,2022-08-31,2022-07-22,CBOE,Lois Frankel,Sale,1001.0,Representatives,"$1,001-$15,000"
388,2022-08-31,2022-07-25,LKQ,Lois Frankel,Purchase,1001.0,Representatives,"$1,001-$15,000"
389,2022-08-31,2022-07-27,GXO,Lois Frankel,Sale,1001.0,Representatives,"$1,001-$15,000"
390,2022-08-31,2022-08-03,GD,Lois Frankel,Purchase,1001.0,Representatives,"$1,001-$15,000"
391,2022-08-29,2022-07-22,HELE,Josh Gottheimer,Purchase,1001.0,Representatives,"$1,001-$15,000"
392,2022-08-29,2022-07-29,UNH,Josh Gottheimer,Purchase,1001.0,Representatives,"$1,001-$15,000"
393,2022-08-29,2022-07-27,GOOG,Josh Gottheimer,Sale,1001.0,Representatives,"$1,001-$15,000"
394,2022-08-29,2022-07-25,NOVT,Josh Gottheimer,Sale,1001.0,Representatives,"$1,001-$15,000"
395,2022-08-29,2022-07-22,MEDP,Josh Gottheimer,Sale,1001.0,Representatives,"$1,001-$15,000"
396,2022-08-29,2022-07-22,RBA,Josh Gottheimer,Sale,1001.0,Representatives,"$1,001-$15,000"
397,2022-08-29,2022-07-21,CRM,Josh Gottheimer,Purchase,1001.0,Representatives,"$1,001-$15,000"
398,2022-08-29,2022-07-29,DE,Josh Gottheimer,Sale,1001.0,Representatives,"$1,001-$15,000"
399,2022-08-24,2022-08-17,HIL,Debbie Wasserman Schultz,Sale,1001.0,Representatives,"$1,001-$15,000"
400,2022-08-24,2022-08-17,HIL,Debbie Wasserman Schultz,Sale,1001.0,Representatives,"$1,001-$15,000"
401,2022-08-24,2022-08-17,HIL,Debbie Wasserman Schultz,Sale,1001.0,Representatives,"$1,001-$15,000"
402,2022-08-24,2022-08-19,XLE,Debbie Wasserman Schultz,Sale,1001.0,Representatives,"$1,001-$15,000"
403,2022-08-24,2022-08-19,XLE,Debbie Wasserman Schultz,Sale,1001.0,Representatives,"$1,001-$15,000"
404,2022-08-24,2022-08-19,XLE,Debbie Wasserman Schultz,Sale,1001.0,Representatives,"$1,001-$15,000"
405,2022-08-23,2022-08-12,AMC,Michael Garcia,Sale,1001.0,Representatives,"$1,001-$15,000"
406,2022-08-23,2022-08-18,OZKAP,Steve Cohen,Purchase,15001.0,Representatives,"$15,001-$50,000"
407,2022-08-22,2022-07-20,HR,Gary Peters,Sale,1001.0,Senate,"$1,001 - $15,000"
408,2022-08-19,2022-08-05,OKE,Dwight Evans,Purchase,1001.0,Representatives,"$1,001-$15,000"
409,2022-08-19,2022-08-05,ABBV,Dwight Evans,Purchase,1001.0,Representatives,"$1,001-$15,000"
410,2022-08-19,2022-08-05,LUV,Dwight Evans,Sale,1001.0,Representatives,"$1,001-$15,000"
411,2022-08-19,2022-08-09,FWONK,John Hickenlooper,Purchase,15001.0,Senate,"$15,001 - $50,000"
412,2022-08-19,2022-08-05,PYPLV,Dwight Evans,Sale,1001.0,Representatives,"$1,001-$15,000"
413,2022-08-19,2022-08-11,FWONK,John Hickenlooper,Sale,50001.0,Senate,"$50,001 - $100,000"
414,2022-08-18,2022-08-15,ET,Mark Dr Green,Sale,50001.0,Representatives,"$50,001-$100,000"
415,2022-08-17,2022-07-22,VZ,Mo Brooks,Sale,1001.0,Representatives,"$1,001-$15,000"
416,2022-08-17,2022-07-22,AATC,Mo Brooks,Purchase,1001.0,Representatives,"$1,001-$15,000"
417,2022-08-15,2022-08-05,ULTA,John Curtis,Sale,1001.0,Representatives,"$1,001-$15,000"
418,2022-08-15,2022-07-14,ECOM,Tommy Tuberville,Purchase,100001.0,Senate,"$100,001 - $250,000"
419,2022-08-15,2022-07-18,CLF,Tommy Tuberville,Purchase,50001.0,Senate,"$50,001 - $100,000"
420,2022-08-15,2022-07-28,SCHF,John Curtis,Purchase,1001.0,Representatives,"$1,001-$15,000"
421,2022-08-15,2022-08-12,LBRDA,Cindy Axne,Sale,1001.0,Representatives,"$1,001-$15,000"
422,2022-08-15,2022-08-12,SYY,John Curtis,Purchase,1001.0,Representatives,"$1,001-$15,000"
423,2022-08-15,2022-08-03,PG,Debbie Dingell,Purchase,1001.0,Representatives,"$1,001-$15,000"
424,2022-08-15,2022-08-12,SBUX,John Curtis,Purchase,1001.0,Representatives,"$1,001-$15,000"
425,2022-08-15,2022-08-12,AZO,John Curtis,Purchase,1001.0,Representatives,"$1,001-$15,000"
426,2022-08-15,2022-07-31,JPM,Kevin Hern,Purchase,1001.0,Representatives,"$1,001-$15,000"
427,2022-08-15,2022-08-10,MS$P,Steve Cohen,Purchase,50001.0,Representatives,"$50,001-$100,000"
428,2022-08-10,2022-07-27,PKG,Kathy Manning,Purchase,1001.0,Representatives,"$1,001-$15,000"
429,2022-08-10,2022-07-27,DIS,Kathy Manning,Purchase,1001.0,Representatives,"$1,001-$15,000"
430,2022-08-10,2022-07-27,LMT,Kathy Manning,Purchase,1001.0,Representatives,"$1,001-$15,000"
431,2022-08-10,2022-07-27,DIS,Kathy Manning,Purchase,1001.0,Representatives,"$1,001-$15,000"
432,2022-08-10,2022-07-27,AAPL,Kathy Manning,Purchase,1001.0,Representatives,"$1,001-$15,000"
433,2022-08-10,2022-07-27,MDT,Kathy Manning,Purchase,1001.0,Representatives,"$1,001-$15,000"
434,2022-08-10,2022-07-27,MDT,Kathy Manning,Purchase,1001.0,Representatives,"$1,001-$15,000"
435,2022-08-10,2022-07-27,EL,Kathy Manning,Purchase,1001.0,Representatives,"$1,001-$15,000"
436,2022-08-10,2022-07-27,PKG,Kathy Manning,Purchase,1001.0,Representatives,"$1,001-$15,000"
437,2022-08-10,2022-07-27,ABT,Kathy Manning,Purchase,1001.0,Representatives,"$1,001-$15,000"
438,2022-08-10,2022-07-27,LMT,Kathy Manning,Sale,1001.0,Representatives,"$1,001-$15,000"
439,2022-08-10,2022-07-27,DIS,Kathy Manning,Purchase,1001.0,Representatives,"$1,001-$15,000"
440,2022-08-10,2022-07-27,TJX,Kathy Manning,Purchase,1001.0,Representatives,"$1,001-$15,000"
441,2022-08-10,2022-07-27,TJX,Kathy Manning,Purchase,1001.0,Representatives,"$1,001-$15,000"
442,2022-08-10,2022-07-27,V,Kathy Manning,Purchase,1001.0,Representatives,"$1,001-$15,000"
443,2022-08-10,2022-07-27,WMT,Kathy Manning,Purchase,1001.0,Representatives,"$1,001-$15,000"
444,2022-08-10,2022-07-20,AMGN,Kathy Manning,Purchase,1001.0,Representatives,"$1,001-$15,000"
445,2022-08-10,2022-07-20,CMA,Kathy Manning,Purchase,1001.0,Representatives,"$1,001-$15,000"
446,2022-08-10,2022-07-20,AMCR,Kathy Manning,Purchase,1001.0,Representatives,"$1,001-$15,000"
447,2022-08-10,2022-07-20,AIG,Kathy Manning,Purchase,1001.0,Representatives,"$1,001-$15,000"
448,2022-08-10,2022-07-20,PHM,Kathy Manning,Purchase,1001.0,Representatives,"$1,001-$15,000"
449,2022-08-10,2022-07-20,AMP,Kathy Manning,Purchase,1001.0,Representatives,"$1,001-$15,000"
450,2022-08-10,2022-07-27,EL,Kathy Manning,Sale,1001.0,Representatives,"$1,001-$15,000"
451,2022-08-10,2022-07-11,GWW,Shelley Moore Capito,Purchase,1001.0,Senate,"$1,001 - $15,000"
452,2022-08-10,2022-07-01,COST,Shelley Moore Capito,Purchase,1001.0,Senate,"$1,001 - $15,000"
453,2022-08-10,2022-07-27,SYY,Kathy Manning,Purchase,1001.0,Representatives,"$1,001-$15,000"
454,2022-08-10,2022-07-27,WMT,Kathy Manning,Sale,1001.0,Representatives,"$1,001-$15,000"
455,2022-08-10,2022-07-27,ABT,Kathy Manning,Purchase,1001.0,Representatives,"$1,001-$15,000"
456,2022-08-10,2022-07-27,HD,Kathy Manning,Purchase,1001.0,Representatives,"$1,001-$15,000"
457,2022-08-10,2022-07-27,APD,Kathy Manning,Purchase,1001.0,Representatives,"$1,001-$15,000"
458,2022-08-10,2022-07-27,NVDA,Kathy Manning,Purchase,1001.0,Representatives,"$1,001-$15,000"
459,2022-08-10,2022-07-27,GOOGL,Kathy Manning,Sale,1001.0,Representatives,"$1,001-$15,000"
460,2022-08-10,2022-07-27,GOOGL,Kathy Manning,Sale,1001.0,Representatives,"$1,001-$15,000"
461,2022-08-10,2022-07-27,JPM,Kathy Manning,Purchase,1001.0,Representatives,"$1,001-$15,000"
462,2022-08-10,2022-07-27,CNC,Kathy Manning,Purchase,1001.0,Representatives,"$1,001-$15,000"
463,2022-08-10,2022-07-27,CNC,Kathy Manning,Sale,1001.0,Representatives,"$1,001-$15,000"
464,2022-08-10,2022-07-27,NVDA,Kathy Manning,Purchase,1001.0,Representatives,"$1,001-$15,000"
465,2022-08-10,2022-07-27,EXPD,Kathy Manning,Purchase,1001.0,Representatives,"$1,001-$15,000"
466,2022-08-10,2022-07-27,SBUX,Kathy Manning,Purchase,1001.0,Representatives,"$1,001-$15,000"
467,2022-08-10,2022-07-27,AMGN,Kathy Manning,Sale,1001.0,Representatives,"$1,001-$15,000"
468,2022-08-10,2022-07-27,APD,Kathy Manning,Purchase,1001.0,Representatives,"$1,001-$15,000"
469,2022-08-10,2022-07-27,CNC,Kathy Manning,Sale,1001.0,Representatives,"$1,001-$15,000"
470,2022-08-10,2022-07-27,APD,Kathy Manning,Purchase,1001.0,Representatives,"$1,001-$15,000"
471,2022-08-10,2022-07-27,GOOGL,Kathy Manning,Purchase,1001.0,Representatives,"$1,001-$15,000"
472,2022-08-10,2022-07-27,INTU,Kathy Manning,Purchase,1001.0,Representatives,"$1,001-$15,000"
473,2022-08-10,2022-07-27,SYY,Kathy Manning,Sale,1001.0,Representatives,"$1,001-$15,000"
474,2022-08-10,2022-07-27,PG,Kathy Manning,Purchase,1001.0,Representatives,"$1,001-$15,000"
475,2022-08-10,2022-07-27,JPM,Kathy Manning,Purchase,1001.0,Representatives,"$1,001-$15,000"
476,2022-08-10,2022-07-27,NVDA,Kathy Manning,Purchase,15001.0,Representatives,"$15,001-$50,000"
477,2022-08-10,2022-07-27,CFG,Kathy Manning,Purchase,1001.0,Representatives,"$1,001-$15,000"
478,2022-08-10,2022-07-27,AMGN,Kathy Manning,Purchase,1001.0,Representatives,"$1,001-$15,000"
479,2022-08-10,2022-07-27,AON,Kathy Manning,Purchase,1001.0,Representatives,"$1,001-$15,000"
480,2022-08-10,2022-07-27,CME,Kathy Manning,Purchase,1001.0,Representatives,"$1,001-$15,000"
481,2022-08-10,2022-07-27,QCOM,Kathy Manning,Purchase,1001.0,Representatives,"$1,001-$15,000"
482,2022-08-10,2022-07-27,PG,Kathy Manning,Purchase,1001.0,Representatives,"$1,001-$15,000"
483,2022-08-10,2022-07-27,AON,Kathy Manning,Sale,1001.0,Representatives,"$1,001-$15,000"
484,2022-08-10,2022-07-27,INTU,Kathy Manning,Purchase,1001.0,Representatives,"$1,001-$15,000"
485,2022-08-10,2022-07-27,HD,Kathy Manning,Sale,1001.0,Representatives,"$1,001-$15,000"
486,2022-08-10,2022-07-27,SBUX,Kathy Manning,Sale,1001.0,Representatives,"$1,001-$15,000"
487,2022-08-10,2022-07-27,PYPL,Kathy Manning,Purchase,1001.0,Representatives,"$1,001-$15,000"
488,2022-08-10,2022-07-27,PYPL,Kathy Manning,Purchase,1001.0,Representatives,"$1,001-$15,000"
489,2022-08-10,2022-07-27,PYPL,Kathy Manning,Purchase,1001.0,Representatives,"$1,001-$15,000"
490,2022-08-10,2022-07-27,PFE,Kathy Manning,Purchase,1001.0,Representatives,"$1,001-$15,000"
491,2022-08-10,2022-07-27,GOOG,Kathy Manning,Purchase,1001.0,Representatives,"$1,001-$15,000"
492,2022-08-10,2022-07-27,GOOG,Kathy Manning,Purchase,1001.0,Representatives,"$1,001-$15,000"
493,2022-08-10,2022-07-27,CFG,Kathy Manning,Purchase,1001.0,Representatives,"$1,001-$15,000"
494,2022-08-10,2022-07-27,CB,Kathy Manning,Purchase,1001.0,Representatives,"$1,001-$15,000"
495,2022-08-10,2022-07-27,AMGN,Kathy Manning,Sale,1001.0,Representatives,"$1,001-$15,000"
496,2022-08-10,2022-07-27,GIS,Kathy Manning,Sale,1001.0,Representatives,"$1,001-$15,000"
497,2022-08-10,2022-07-27,GIS,Kathy Manning,Sale,1001.0,Representatives,"$1,001-$15,000"
498,2022-08-10,2022-07-27,LRCX,Kathy Manning,Purchase,1001.0,Representatives,"$1,001-$15,000"
499,2022-08-10,2022-07-27,ACN,Kathy Manning,Purchase,1001.0,Representatives,"$1,001-$15,000"
500,2022-08-10,2022-07-27,NKE,Kathy Manning,Purchase,1001.0,Representatives,"$1,001-$15,000"
501,2022-08-10,2022-07-27,ACN,Kathy Manning,Purchase,1001.0,Representatives,"$1,001-$15,000"
502,2022-08-10,2022-07-27,MU,Kathy Manning,Purchase,1001.0,Representatives,"$1,001-$15,000"
503,2022-08-10,2022-07-27,LRCX,Kathy Manning,Purchase,1001.0,Representatives,"$1,001-$15,000"
504,2022-08-10,2022-07-27,MDT,Kathy Manning,Purchase,1001.0,Representatives,"$1,001-$15,000"
505,2022-08-10,2022-07-27,AAPL,Kathy Manning,Sale,1001.0,Representatives,"$1,001-$15,000"
506,2022-08-10,2022-07-27,INTU,Kathy Manning,Purchase,1001.0,Representatives,"$1,001-$15,000"
507,2022-08-10,2022-07-27,ABBV,Kathy Manning,Purchase,1001.0,Representatives,"$1,001-$15,000"
508,2022-08-10,2022-07-27,NKE,Kathy Manning,Sale,1001.0,Representatives,"$1,001-$15,000"
509,2022-08-10,2022-07-27,CAT,Kathy Manning,Purchase,1001.0,Representatives,"$1,001-$15,000"
510,2022-08-10,2022-07-27,ABT,Kathy Manning,Purchase,1001.0,Representatives,"$1,001-$15,000"
511,2022-08-10,2022-07-27,LRCX,Kathy Manning,Purchase,1001.0,Representatives,"$1,001-$15,000"
512,2022-08-10,2022-07-27,MU,Kathy Manning,Purchase,1001.0,Representatives,"$1,001-$15,000"
513,2022-08-10,2022-07-27,EL,Kathy Manning,Sale,1001.0,Representatives,"$1,001-$15,000"
514,2022-08-10,2022-07-27,AAPL,Kathy Manning,Sale,1001.0,Representatives,"$1,001-$15,000"
515,2022-08-10,2022-07-27,TJX,Kathy Manning,Purchase,1001.0,Representatives,"$1,001-$15,000"
516,2022-08-10,2022-07-27,SBUX,Kathy Manning,Sale,1001.0,Representatives,"$1,001-$15,000"
517,2022-08-10,2022-07-27,MSFT,Kathy Manning,Purchase,1001.0,Representatives,"$1,001-$15,000"
518,2022-08-10,2022-07-27,MSFT,Kathy Manning,Purchase,15001.0,Representatives,"$15,001-$50,000"
519,2022-08-10,2022-07-27,JNJ,Kathy Manning,Purchase,1001.0,Representatives,"$1,001-$15,000"
520,2022-08-10,2022-07-27,JPM,Kathy Manning,Purchase,1001.0,Representatives,"$1,001-$15,000"
521,2022-08-10,2022-07-27,NKE,Kathy Manning,Sale,1001.0,Representatives,"$1,001-$15,000"
522,2022-08-10,2022-07-27,ACN,Kathy Manning,Purchase,1001.0,Representatives,"$1,001-$15,000"
523,2022-08-10,2022-07-27,MSFT,Kathy Manning,Purchase,1001.0,Representatives,"$1,001-$15,000"
524,2022-08-10,2022-07-27,GIS,Kathy Manning,Purchase,1001.0,Representatives,"$1,001-$15,000"
525,2022-08-10,2022-07-27,CFG,Kathy Manning,Purchase,1001.0,Representatives,"$1,001-$15,000"
526,2022-08-10,2022-07-27,ABBV,Kathy Manning,Sale,15001.0,Representatives,"$15,001-$50,000"
527,2022-08-10,2022-07-27,MSFT,Kathy Manning,Purchase,1001.0,Representatives,"$1,001-$15,000"
528,2022-08-10,2022-07-27,ABBV,Kathy Manning,Sale,1001.0,Representatives,"$1,001-$15,000"
529,2022-08-08,2022-08-03,DURA,Steve Cohen,Purchase,15001.0,Representatives,"$15,001-$50,000"
530,2022-08-08,2022-08-03,OZKAP,Steve Cohen,Purchase,15001.0,Representatives,"$15,001-$50,000"
531,2022-08-08,2022-07-27,PHG,Earl Blumenauer,Purchase,1001.0,Representatives,"$1,001-$15,000"
532,2022-08-07,2022-07-29,MDT,Alan S. Lowenthal,Sale,1001.0,Representatives,"$1,001-$15,000"
533,2022-08-05,2022-07-28,ARLP,Virginia Foxx,Purchase,1001.0,Representatives,"$1,001-$15,000"
534,2022-08-05,2022-07-29,SCHD,Steve Cohen,Purchase,50001.0,Representatives,"$50,001-$100,000"
535,2022-08-05,2022-07-29,MOS,Virginia Foxx,Purchase,1001.0,Representatives,"$1,001-$15,000"
536,2022-08-05,2022-07-29,PG,Virginia Foxx,Purchase,15001.0,Representatives,"$15,001-$50,000"
537,2022-08-05,2022-07-28,MOS,Virginia Foxx,Purchase,1001.0,Representatives,"$1,001-$15,000"
538,2022-08-05,2022-07-29,BTI,Virginia Foxx,Purchase,1001.0,Representatives,"$1,001-$15,000"
539,2022-08-05,2022-08-04,WBD,Bob Gibbs,Sale,1001.0,Representatives,"$1,001-$15,000"
540,2022-08-05,2022-08-04,LLY,Bob Gibbs,Sale,1001.0,Representatives,"$1,001-$15,000"
541,2022-08-05,2022-07-21,K,Virginia Foxx,Purchase,15001.0,Representatives,"$15,001-$50,000"
542,2022-08-05,2022-07-22,ARLP,Virginia Foxx,Purchase,15001.0,Representatives,"$15,001-$50,000"
543,2022-08-05,2022-07-22,SYK,Michael C. Burgess,Sale,1001.0,Representatives,"$1,001-$15,000"
544,2022-08-05,2022-07-22,SYK,Michael C. Burgess,Sale,1001.0,Representatives,"$1,001-$15,000"
545,2022-08-05,2022-08-04,DD,Bob Gibbs,Sale,1001.0,Representatives,"$1,001-$15,000"
546,2022-08-04,2022-07-28,MDT,Alan S. Lowenthal,Sale,1001.0,Representatives,"$1,001-$15,000"
547,2022-08-02,2022-07-27,FHN,Steve Cohen,Purchase,15001.0,Representatives,"$15,001-$50,000"
548,2022-08-01,2022-07-25,ET,Mark Dr Green,Sale,50001.0,Representatives,"$50,001-$100,000"
549,2022-07-26,2022-07-26,NVDA,Nancy Pelosi,Sale,1000001.0,Representatives,"$1,000,001-$5,000,000"
550,2022-07-20,2022-06-23,CSCO,Deb Fischer,Sale,1001.0,Senate,"$1,001 - $15,000"
551,2022-07-20,2022-06-23,LMT,Deb Fischer,Sale,50001.0,Senate,"$50,001 - $100,000"
552,2022-07-20,2022-06-23,KO,Deb Fischer,Sale,1001.0,Senate,"$1,001 - $15,000"
553,2022-07-20,2022-06-23,CAT,Deb Fischer,Sale,50001.0,Senate,"$50,001 - $100,000"
554,2022-07-20,2021-12-28,SBNY,Bill Hagerty,Sale,15001.0,Senate,"$15,001 - $50,000"
555,2022-07-20,2021-12-28,SBNY,Bill Hagerty,Sale,15001.0,Senate,"$15,001 - $50,000"
556,2022-07-20,2021-12-28,SBNY,Bill Hagerty,Sale,15001.0,Senate,"$15,001 - $50,000"
557,2022-07-15,2022-06-17,INTC,Shelley Moore Capito,Sale,1001.0,Senate,"$1,001 - $15,000"
558,2022-07-15,2022-06-17,KO,Shelley Moore Capito,Sale,1001.0,Senate,"$1,001 - $15,000"
559,2022-07-15,2022-06-17,MSFT,Shelley Moore Capito,Sale,1001.0,Senate,"$1,001 - $15,000"
560,2022-07-15,2022-06-17,BMY,Shelley Moore Capito,Sale,1001.0,Senate,"$1,001 - $15,000"
561,2022-07-15,2022-06-17,IBM,Shelley Moore Capito,Sale,1001.0,Senate,"$1,001 - $15,000"
562,2022-07-15,2022-06-16,INTC,Shelley Moore Capito,Sale,15001.0,Senate,"$15,001 - $50,000"
563,2022-07-15,2022-06-01,CMS,Shelley Moore Capito,Purchase,1001.0,Senate,"$1,001 - $15,000"
564,2022-07-15,2022-06-30,MMM,Shelley Moore Capito,Sale,1001.0,Senate,"$1,001 - $15,000"
565,2022-07-15,2022-06-16,F,Shelley Moore Capito,Sale,1001.0,Senate,"$1,001 - $15,000"
566,2022-07-14,2022-06-21,RPM,Dan Sullivan,Sale,15001.0,Senate,"$15,001 - $50,000"
567,2022-07-13,2022-06-09,SSYS,Tommy Tuberville,Purchase,15001.0,Senate,"$15,001 - $50,000"
568,2022-07-13,2022-06-09,INTC,Tommy Tuberville,Purchase,15001.0,Senate,"$15,001 - $50,000"
569,2022-07-13,2022-06-14,SSYS,Tommy Tuberville,Purchase,1001.0,Senate,"$1,001 - $15,000"
570,2022-07-13,2022-06-15,PYPL,Tommy Tuberville,Sale,50001.0,Senate,"$50,001 - $100,000"
571,2022-07-13,2022-06-15,QCOM,Tommy Tuberville,Purchase,1001.0,Senate,"$1,001 - $15,000"
572,2022-07-13,2022-06-15,NVDA,Tommy Tuberville,Sale,15001.0,Senate,"$15,001 - $50,000"
573,2022-07-13,2022-06-15,PYPL,Tommy Tuberville,Purchase,50001.0,Senate,"$50,001 - $100,000"
574,2022-07-13,2022-06-15,NVDA,Tommy Tuberville,Purchase,15001.0,Senate,"$15,001 - $50,000"
575,2022-07-13,2022-06-08,NVDA,Tommy Tuberville,Purchase,1001.0,Senate,"$1,001 - $15,000"
576,2022-07-13,2022-06-06,EVT,Tommy Tuberville,Purchase,15001.0,Senate,"$15,001 - $50,000"
577,2022-07-13,2022-06-16,PYPL,Tommy Tuberville,Purchase,1001.0,Senate,"$1,001 - $15,000"
578,2022-07-13,2022-06-01,ECOM,Tommy Tuberville,Purchase,1001.0,Senate,"$1,001 - $15,000"
579,2022-07-13,2022-06-22,X,Tommy Tuberville,Sale,1001.0,Senate,"$1,001 - $15,000"
580,2022-07-13,2022-06-16,QCOM,Tommy Tuberville,Purchase,250001.0,Senate,"$250,001 - $500,000"
581,2022-07-13,2022-06-22,GOLD,Tommy Tuberville,Sale,50001.0,Senate,"$50,001 - $100,000"
582,2022-07-13,2022-06-30,PYPL,Tommy Tuberville,Purchase,50001.0,Senate,"$50,001 - $100,000"
583,2022-07-13,2022-06-30,IBDQ,Lindsey Graham,Purchase,15001.0,Senate,"$15,001 - $50,000"
584,2022-07-13,2022-06-17,PYPL,Tommy Tuberville,Purchase,100001.0,Senate,"$100,001 - $250,000"
585,2022-07-13,2022-06-30,VTIP,Lindsey Graham,Sale,15001.0,Senate,"$15,001 - $50,000"
586,2022-07-13,2022-06-28,QCOM,Tommy Tuberville,Sale,50001.0,Senate,"$50,001 - $100,000"
587,2022-07-13,2022-06-28,QCOM,Tommy Tuberville,Sale,250001.0,Senate,"$250,001 - $500,000"
588,2022-07-13,2022-06-22,GOLD,Tommy Tuberville,Purchase,1001.0,Senate,"$1,001 - $15,000"
589,2022-07-13,2022-06-30,IBDO,Lindsey Graham,Purchase,1001.0,Senate,"$1,001 - $15,000"
590,2022-07-13,2022-06-21,SSYS,Tommy Tuberville,Purchase,1001.0,Senate,"$1,001 - $15,000"
591,2022-07-13,2022-06-17,EVT,Tommy Tuberville,Sale,50001.0,Senate,"$50,001 - $100,000"
592,2022-07-13,2022-06-17,BRK.B,Tommy Tuberville,Sale,100001.0,Senate,"$100,001 - $250,000"
593,2022-07-13,2022-06-17,CVX,Tommy Tuberville,Sale,1001.0,Senate,"$1,001 - $15,000"
594,2022-07-13,2022-06-21,INTC,Tommy Tuberville,Purchase,50001.0,Senate,"$50,001 - $100,000"
595,2022-07-13,2022-06-21,X,Tommy Tuberville,Purchase,100001.0,Senate,"$100,001 - $250,000"
596,2022-07-13,2022-06-17,SCCO,Tommy Tuberville,Sale,100001.0,Senate,"$100,001 - $250,000"
597,2022-06-13,2022-03-14,BATRK,John Hickenlooper,Sale,15001.0,Senate,"$15,001 - $50,000"
598,2022-06-13,2022-05-13,FWONA,John Hickenlooper,Sale,50001.0,Senate,"$50,001 - $100,000"
599,2022-06-13,2022-03-16,LSXMK,John Hickenlooper,Sale,15001.0,Senate,"$15,001 - $50,000"
600,2022-06-13,2022-03-16,LBRDK,John Hickenlooper,Sale,50001.0,Senate,"$50,001 - $100,000"
601,2022-06-13,2022-03-16,FWONK,John Hickenlooper,Sale,50001.0,Senate,"$50,001 - $100,000"
602,2022-06-13,2022-05-13,FWONA,John Hickenlooper,Purchase,1001.0,Senate,"$1,001 - $15,000"
603,2022-06-13,2022-05-13,FWONK,John Hickenlooper,Purchase,15001.0,Senate,"$15,001 - $50,000"
604,2022-06-13,2022-05-13,FWONK,John Hickenlooper,Sale,50001.0,Senate,"$50,001 - $100,000"
605,2022-06-13,2022-05-13,LBRDK,John Hickenlooper,Sale,15001.0,Senate,"$15,001 - $50,000"
606,2022-06-13,2022-03-14,BATRK,John Hickenlooper,Purchase,1001.0,Senate,"$1,001 - $15,000"
607,2022-06-13,2022-05-13,LBRDK,John Hickenlooper,Purchase,15001.0,Senate,"$15,001 - $50,000"
608,2022-06-13,2022-05-13,LBRDA,John Hickenlooper,Purchase,1001.0,Senate,"$1,001 - $15,000"
609,2022-06-13,2022-05-13,LBRDA,John Hickenlooper,Sale,15001.0,Senate,"$15,001 - $50,000"
610,2022-06-13,2021-11-12,LSXMK,John Hickenlooper,Purchase,100001.0,Senate,"$100,001 - $250,000"
611,2022-06-13,2022-05-19,CMG,John Hickenlooper,Sale,50001.0,Senate,"$50,001 - $100,000"
612,2022-06-13,2022-05-20,PYPL,Tommy Tuberville,Purchase,50001.0,Senate,"$50,001 - $100,000"
613,2022-06-13,2022-05-31,X,Tommy Tuberville,Sale,15001.0,Senate,"$15,001 - $50,000"
614,2022-06-13,2022-05-31,X,Tommy Tuberville,Purchase,100001.0,Senate,"$100,001 - $250,000"
615,2022-06-13,2022-05-31,X,Tommy Tuberville,Sale,15001.0,Senate,"$15,001 - $50,000"
616,2022-06-13,2022-06-03,WFC,A. Mitchell Jr. McConnell,Purchase,1001.0,Senate,"$1,001 - $15,000"
617,2022-06-13,2022-05-19,PYPL,Tommy Tuberville,Purchase,250001.0,Senate,"$250,001 - $500,000"
618,2022-06-03,2022-05-16,FCPIX,Thomas R. Carper,Sale,1001.0,Senate,"$1,001 - $15,000"
619,2022-06-03,2022-05-16,GSMYX,Thomas R. Carper,Sale,1001.0,Senate,"$1,001 - $15,000"
620,2022-06-03,2022-05-16,JCI,Thomas R. Carper,Sale,1001.0,Senate,"$1,001 - $15,000"
621,2022-06-03,2022-05-23,ABYIX,Thomas R. Carper,Purchase,1001.0,Senate,"$1,001 - $15,000"
622,2022-05-24,2022-04-11,T,Sheldon Whitehouse,Sale,1001.0,Senate,"$1,001 - $15,000"
623,2022-05-24,2022-04-11,T,Sheldon Whitehouse,Sale,1001.0,Senate,"$1,001 - $15,000"
624,2022-05-16,2022-04-22,LMND,Bill Hagerty,Sale,1001.0,Senate,"$1,001 - $15,000"
625,2022-05-16,2021-11-12,LSXMK,John Hickenlooper,Sale,250001.0,Senate,"$250,001 - $500,000"
626,2022-05-13,2022-04-29,PYPL,Tommy Tuberville,Sale,50001.0,Senate,"$50,001 - $100,000"
627,2022-05-13,2022-04-11,SQ,Tommy Tuberville,Sale,1001.0,Senate,"$1,001 - $15,000"
628,2022-05-13,2022-04-28,PYPL,Tommy Tuberville,Purchase,1001.0,Senate,"$1,001 - $15,000"
629,2022-05-13,2022-04-11,PYPL,Tommy Tuberville,Purchase,15001.0,Senate,"$15,001 - $50,000"
630,2022-05-13,2022-04-28,PYPL,Tommy Tuberville,Sale,50001.0,Senate,"$50,001 - $100,000"
631,2022-05-13,2022-04-21,ECOM,Tommy Tuberville,Purchase,100001.0,Senate,"$100,001 - $250,000"
632,2022-05-12,2022-05-05,IRT,John Thune,Sale,15001.0,Senate,"$15,001 - $50,000"
633,2022-05-04,2021-11-26,GOLD,Thomas R. Carper,Sale,1001.0,Senate,"$1,001 - $15,000"
634,2022-04-21,2022-04-08,T,Jacky Rosen,Sale,1001.0,Senate,"$1,001 - $15,000"
635,2022-04-21,2022-04-08,T,Jacky Rosen,Sale,1001.0,Senate,"$1,001 - $15,000"
636,2022-04-21,2022-04-01,BDX,Jacky Rosen,Sale,1001.0,Senate,"$1,001 - $15,000"
637,2022-04-21,2022-04-08,T,Jacky Rosen,Sale,1001.0,Senate,"$1,001 - $15,000"
638,2022-04-16,2022-02-18,KHC,Roy Blunt,Sale,15001.0,Senate,"$15,001 - $50,000"
639,2022-04-13,2022-03-09,TACO,Bill Hagerty,Sale,15001.0,Senate,"$15,001 - $50,000"
640,2022-04-08,2022-03-29,WST,Tommy Tuberville,Sale,1001.0,Senate,"$1,001 - $15,000"
641,2022-04-08,2022-03-30,GFI,Tommy Tuberville,Purchase,1001.0,Senate,"$1,001 - $15,000"
642,2022-04-08,2022-03-30,IT,Tommy Tuberville,Purchase,1001.0,Senate,"$1,001 - $15,000"
643,2022-04-08,2022-03-30,HUMA,Tommy Tuberville,Purchase,15001.0,Senate,"$15,001 - $50,000"
644,2022-04-08,2022-03-30,NDAQ,Tommy Tuberville,Purchase,1001.0,Senate,"$1,001 - $15,000"
645,2022-04-08,2022-03-30,VEEV,Tommy Tuberville,Sale,1001.0,Senate,"$1,001 - $15,000"
646,2022-04-08,2022-03-30,NOC,Tommy Tuberville,Purchase,1001.0,Senate,"$1,001 - $15,000"
647,2022-04-08,2022-03-30,DEO,Tommy Tuberville,Sale,1001.0,Senate,"$1,001 - $15,000"
648,2022-04-08,2022-03-23,GOLD,Tommy Tuberville,Sale,1001.0,Senate,"$1,001 - $15,000"
649,2022-04-08,2022-03-23,GOLD,Tommy Tuberville,Sale,1001.0,Senate,"$1,001 - $15,000"
650,2022-04-08,2022-03-08,ECOM,Tommy Tuberville,Purchase,50001.0,Senate,"$50,001 - $100,000"
651,2022-04-08,2022-03-22,NU,Tommy Tuberville,Purchase,1001.0,Senate,"$1,001 - $15,000"
652,2022-04-08,2022-03-22,SCCO,Tommy Tuberville,Purchase,1001.0,Senate,"$1,001 - $15,000"
653,2022-04-08,2022-03-22,MSFT,Tommy Tuberville,Sale,15001.0,Senate,"$15,001 - $50,000"
654,2022-04-08,2022-03-21,NU,Tommy Tuberville,Purchase,15001.0,Senate,"$15,001 - $50,000"
655,2022-04-08,2022-03-21,ECOM,Tommy Tuberville,Purchase,15001.0,Senate,"$15,001 - $50,000"
656,2022-04-08,2022-03-30,DHI,Tommy Tuberville,Purchase,1001.0,Senate,"$1,001 - $15,000"
657,2022-04-08,2022-03-30,CFG,Tommy Tuberville,Purchase,1001.0,Senate,"$1,001 - $15,000"
658,2022-04-08,2022-03-30,LMST,Tommy Tuberville,Purchase,1001.0,Senate,"$1,001 - $15,000"
659,2022-04-08,2022-03-30,INTU,Tommy Tuberville,Sale,1001.0,Senate,"$1,001 - $15,000"
660,2022-04-08,2022-03-30,SNA,Tommy Tuberville,Sale,1001.0,Senate,"$1,001 - $15,000"
661,2022-04-08,2022-03-30,FGBI,Tommy Tuberville,Purchase,1001.0,Senate,"$1,001 - $15,000"
662,2022-04-08,2022-03-30,TMO,Tommy Tuberville,Purchase,1001.0,Senate,"$1,001 - $15,000"
663,2022-04-08,2022-03-30,EXP,Tommy Tuberville,Sale,1001.0,Senate,"$1,001 - $15,000"
664,2022-04-08,2022-03-30,CP,Tommy Tuberville,Sale,1001.0,Senate,"$1,001 - $15,000"
665,2022-04-08,2022-03-30,CDNS,Tommy Tuberville,Purchase,1001.0,Senate,"$1,001 - $15,000"
666,2022-04-08,2022-03-30,SPGI,Tommy Tuberville,Sale,1001.0,Senate,"$1,001 - $15,000"
667,2022-04-08,2022-03-30,RMD,Tommy Tuberville,Purchase,1001.0,Senate,"$1,001 - $15,000"
668,2022-04-08,2022-03-30,FITB,Tommy Tuberville,Purchase,1001.0,Senate,"$1,001 - $15,000"
669,2022-04-08,2022-03-30,GNRC,Tommy Tuberville,Sale,1001.0,Senate,"$1,001 - $15,000"
670,2022-04-08,2022-03-30,GOOG,Tommy Tuberville,Purchase,1001.0,Senate,"$1,001 - $15,000"
671,2022-04-08,2022-03-30,BKE,Tommy Tuberville,Sale,1001.0,Senate,"$1,001 - $15,000"
672,2022-04-08,2022-03-30,AME,Tommy Tuberville,Purchase,1001.0,Senate,"$1,001 - $15,000"
673,2022-04-08,2022-03-30,VMW,Tommy Tuberville,Sale,1001.0,Senate,"$1,001 - $15,000"
674,2022-04-08,2022-03-30,SIVB,Tommy Tuberville,Sale,1001.0,Senate,"$1,001 - $15,000"
675,2022-04-08,2022-03-30,REGN,Tommy Tuberville,Sale,1001.0,Senate,"$1,001 - $15,000"
676,2022-04-08,2022-03-30,BMO,Tommy Tuberville,Purchase,1001.0,Senate,"$1,001 - $15,000"
677,2022-04-08,2022-03-30,MRK,Tommy Tuberville,Purchase,1001.0,Senate,"$1,001 - $15,000"
678,2022-04-08,2022-03-30,CE,Tommy Tuberville,Sale,1001.0,Senate,"$1,001 - $15,000"
679,2022-04-08,2022-03-30,MASI,Tommy Tuberville,Purchase,1001.0,Senate,"$1,001 - $15,000"
680,2022-04-08,2022-03-30,KEY,Tommy Tuberville,Purchase,1001.0,Senate,"$1,001 - $15,000"
681,2022-04-08,2022-03-30,HON,Tommy Tuberville,Purchase,1001.0,Senate,"$1,001 - $15,000"
682,2022-04-08,2022-03-30,ABBV,Tommy Tuberville,Purchase,1001.0,Senate,"$1,001 - $15,000"
683,2022-04-08,2022-03-30,NFLX,Tommy Tuberville,Sale,1001.0,Senate,"$1,001 - $15,000"
684,2022-04-08,2022-03-30,RF,Tommy Tuberville,Purchase,1001.0,Senate,"$1,001 - $15,000"
685,2022-04-08,2022-03-30,CABO,Tommy Tuberville,Sale,1001.0,Senate,"$1,001 - $15,000"
686,2022-04-08,2022-03-30,MKSI,Tommy Tuberville,Purchase,1001.0,Senate,"$1,001 - $15,000"
687,2022-04-08,2022-03-30,MMC,Tommy Tuberville,Purchase,1001.0,Senate,"$1,001 - $15,000"
688,2022-04-08,2022-03-30,ROK,Tommy Tuberville,Sale,1001.0,Senate,"$1,001 - $15,000"
689,2022-04-08,2022-03-30,BIO,Tommy Tuberville,Sale,1001.0,Senate,"$1,001 - $15,000"
690,2022-04-05,2022-03-07,MAXR,Thomas R. Carper,Sale,1001.0,Senate,"$1,001 - $15,000"
691,2022-04-05,2022-03-07,MOO,Thomas R. Carper,Purchase,1001.0,Senate,"$1,001 - $15,000"
692,2022-04-05,2022-03-07,GNR,Thomas R. Carper,Purchase,1001.0,Senate,"$1,001 - $15,000"
693,2022-04-05,2022-03-14,PSQ,Thomas R. Carper,Purchase,1001.0,Senate,"$1,001 - $15,000"
694,2022-04-05,2022-03-07,GLD,Thomas R. Carper,Purchase,1001.0,Senate,"$1,001 - $15,000"
695,2022-04-05,2022-03-14,SH,Thomas R. Carper,Purchase,1001.0,Senate,"$1,001 - $15,000"
696,2022-04-05,2022-03-17,KWEB,Thomas R. Carper,Sale,1001.0,Senate,"$1,001 - $15,000"
697,2022-04-05,2022-03-15,PSQ,Thomas R. Carper,Purchase,1001.0,Senate,"$1,001 - $15,000"
698,2022-04-05,2022-03-14,SH,Thomas R. Carper,Purchase,1001.0,Senate,"$1,001 - $15,000"
699,2022-04-05,2022-03-14,PSQ,Thomas R. Carper,Purchase,15001.0,Senate,"$15,001 - $50,000"
700,2022-04-05,2022-03-14,SH,Thomas R. Carper,Purchase,15001.0,Senate,"$15,001 - $50,000"
701,2022-04-05,2022-03-15,SH,Thomas R. Carper,Purchase,1001.0,Senate,"$1,001 - $15,000"
702,2022-04-05,2022-03-14,PSQ,Thomas R. Carper,Purchase,1001.0,Senate,"$1,001 - $15,000"
703,2022-03-23,2022-02-24,AAPL,Ron Wyden,Sale,50001.0,Senate,"$50,001 - $100,000"
704,2022-03-23,2022-02-24,AAPL,Ron Wyden,Purchase,50001.0,Senate,"$50,001 - $100,000"
705,2022-03-16,2022-01-28,TSLA,Sheldon Whitehouse,Purchase,15001.0,Senate,"$15,001 - $50,000"
706,2022-03-16,2022-01-28,TGT,Sheldon Whitehouse,Purchase,15001.0,Senate,"$15,001 - $50,000"
707,2022-03-14,2022-03-03,WFC,A. Mitchell Jr. McConnell,Purchase,1001.0,Senate,"$1,001 - $15,000"
708,2022-03-11,2022-02-07,PYPL,Tommy Tuberville,Purchase,50001.0,Senate,"$50,001 - $100,000"
709,2022-03-11,2022-02-01,X,Tommy Tuberville,Sale,1001.0,Senate,"$1,001 - $15,000"
710,2022-03-11,2022-02-01,CLF,Tommy Tuberville,Sale,15001.0,Senate,"$15,001 - $50,000"
711,2022-03-11,2022-02-01,F,Tommy Tuberville,Sale,15001.0,Senate,"$15,001 - $50,000"
712,2022-03-11,2022-02-01,MRO,Tommy Tuberville,Sale,1001.0,Senate,"$1,001 - $15,000"
713,2022-03-11,2022-02-01,MSFT,Tommy Tuberville,Sale,15001.0,Senate,"$15,001 - $50,000"
714,2022-03-11,2022-02-01,MRO,Tommy Tuberville,Sale,1001.0,Senate,"$1,001 - $15,000"
715,2022-03-11,2022-02-07,ECOM,Tommy Tuberville,Sale,1001.0,Senate,"$1,001 - $15,000"
716,2022-03-11,2022-02-07,ECOM,Tommy Tuberville,Sale,1001.0,Senate,"$1,001 - $15,000"
717,2022-03-11,2022-02-24,LOW,Shelley Moore Capito,Sale,1001.0,Senate,"$1,001 - $15,000"
718,2022-03-11,2022-02-07,ECOM,Tommy Tuberville,Sale,1001.0,Senate,"$1,001 - $15,000"
719,2022-03-11,2022-02-10,X,Tommy Tuberville,Sale,1001.0,Senate,"$1,001 - $15,000"
720,2022-03-11,2022-02-24,AAPL,Shelley Moore Capito,Sale,1001.0,Senate,"$1,001 - $15,000"
721,2022-03-11,2022-02-24,NEE,Shelley Moore Capito,Sale,1001.0,Senate,"$1,001 - $15,000"
722,2022-03-11,2022-02-07,ECOM,Tommy Tuberville,Sale,1001.0,Senate,"$1,001 - $15,000"
723,2022-03-11,2022-02-24,MSFT,Shelley Moore Capito,Sale,1001.0,Senate,"$1,001 - $15,000"
724,2022-03-11,2022-02-22,OXY,Tommy Tuberville,Sale,50001.0,Senate,"$50,001 - $100,000"
725,2022-03-11,2022-02-17,ARKK,Tommy Tuberville,Sale,1001.0,Senate,"$1,001 - $15,000"
726,2022-03-11,2022-02-17,ARKK,Tommy Tuberville,Sale,1001.0,Senate,"$1,001 - $15,000"
727,2022-03-11,2022-02-24,LHX,Shelley Moore Capito,Sale,1001.0,Senate,"$1,001 - $15,000"
728,2022-03-11,2022-02-10,X,Tommy Tuberville,Purchase,100001.0,Senate,"$100,001 - $250,000"
729,2022-03-11,2022-02-10,X,Tommy Tuberville,Sale,1001.0,Senate,"$1,001 - $15,000"
730,2022-03-11,2022-02-10,X,Tommy Tuberville,Sale,1001.0,Senate,"$1,001 - $15,000"
731,2022-03-11,2022-02-09,PYPL,Tommy Tuberville,Sale,1001.0,Senate,"$1,001 - $15,000"
732,2022-03-11,2022-02-09,PYPL,Tommy Tuberville,Sale,1001.0,Senate,"$1,001 - $15,000"
733,2022-03-11,2022-02-09,PYPL,Tommy Tuberville,Purchase,15001.0,Senate,"$15,001 - $50,000"
734,2022-03-11,2022-02-09,PYPL,Tommy Tuberville,Sale,1001.0,Senate,"$1,001 - $15,000"
735,2022-02-18,2022-01-31,ROAD,Mark Warner,Sale,100001.0,Senate,"$100,001 - $250,000"
736,2022-02-17,2022-01-06,AMZN,Susan M. Collins,Purchase,15001.0,Senate,"$15,001 - $50,000"
737,2022-02-17,2022-01-21,UL,Susan M. Collins,Sale,15001.0,Senate,"$15,001 - $50,000"
738,2022-02-17,2022-01-21,HSY,Susan M. Collins,Purchase,15001.0,Senate,"$15,001 - $50,000"
739,2022-02-17,2022-01-06,WEX,Susan M. Collins,Sale,15001.0,Senate,"$15,001 - $50,000"
740,2022-02-17,2022-01-06,HSIC,Susan M. Collins,Sale,15001.0,Senate,"$15,001 - $50,000"
741,2022-02-17,2022-01-06,VFC,Susan M. Collins,Sale,1001.0,Senate,"$1,001 - $15,000"
742,2022-02-17,2022-01-06,CARR,Susan M. Collins,Sale,1001.0,Senate,"$1,001 - $15,000"
743,2022-02-17,2022-01-06,MMM,Susan M. Collins,Sale,15001.0,Senate,"$15,001 - $50,000"
744,2022-02-17,2022-01-06,OTIS,Susan M. Collins,Sale,1001.0,Senate,"$1,001 - $15,000"
745,2022-02-17,2022-01-06,NVDA,Susan M. Collins,Purchase,15001.0,Senate,"$15,001 - $50,000"
746,2022-02-17,2022-01-06,LIN,Susan M. Collins,Purchase,15001.0,Senate,"$15,001 - $50,000"
747,2022-02-14,2022-01-13,ABQCX,Tommy Tuberville,Sale,15001.0,Senate,"$15,001 - $50,000"
748,2022-02-14,2022-01-13,FUN,Tommy Tuberville,Sale,15001.0,Senate,"$15,001 - $50,000"
749,2022-02-14,2022-01-13,X,Tommy Tuberville,Sale,15001.0,Senate,"$15,001 - $50,000"
750,2022-02-14,2022-01-13,VTRS,Tommy Tuberville,Sale,1001.0,Senate,"$1,001 - $15,000"
751,2022-02-14,2022-01-13,PEGA,Tommy Tuberville,Sale,15001.0,Senate,"$15,001 - $50,000"
752,2022-02-14,2022-01-13,NWL,Tommy Tuberville,Sale,15001.0,Senate,"$15,001 - $50,000"
753,2022-02-14,2022-01-13,CRWD,Tommy Tuberville,Sale,15001.0,Senate,"$15,001 - $50,000"
754,2022-02-14,2022-01-13,FGSCX,Tommy Tuberville,Sale,15001.0,Senate,"$15,001 - $50,000"
755,2022-02-14,2022-01-14,AWK,Tommy Tuberville,Sale,15001.0,Senate,"$15,001 - $50,000"
756,2022-02-14,2022-01-14,AAPL,Tommy Tuberville,Sale,15001.0,Senate,"$15,001 - $50,000"
757,2022-02-14,2022-01-13,CLOU,Tommy Tuberville,Sale,15001.0,Senate,"$15,001 - $50,000"
758,2022-02-14,2022-01-13,GILD,Tommy Tuberville,Sale,1001.0,Senate,"$1,001 - $15,000"
759,2022-02-14,2022-01-14,CLF,Tommy Tuberville,Purchase,1001.0,Senate,"$1,001 - $15,000"
760,2022-02-14,2022-01-14,ACN,Tommy Tuberville,Sale,15001.0,Senate,"$15,001 - $50,000"
761,2022-02-14,2022-01-14,CLF,Tommy Tuberville,Sale,1001.0,Senate,"$1,001 - $15,000"
762,2022-02-14,2022-01-14,BABA,Tommy Tuberville,Purchase,50001.0,Senate,"$50,001 - $100,000"
763,2022-02-14,2022-01-14,QCOM,Tommy Tuberville,Sale,15001.0,Senate,"$15,001 - $50,000"
764,2022-02-14,2022-01-14,BABA,Tommy Tuberville,Purchase,15001.0,Senate,"$15,001 - $50,000"
765,2022-02-14,2022-01-14,BABA,Tommy Tuberville,Purchase,15001.0,Senate,"$15,001 - $50,000"
766,2022-02-14,2022-01-14,QCOM,Tommy Tuberville,Sale,15001.0,Senate,"$15,001 - $50,000"
767,2022-02-14,2022-01-14,WMT,Tommy Tuberville,Sale,1001.0,Senate,"$1,001 - $15,000"
768,2022-02-14,2022-01-14,RTX,Tommy Tuberville,Sale,1001.0,Senate,"$1,001 - $15,000"
769,2022-02-14,2022-01-14,NEE,Tommy Tuberville,Sale,15001.0,Senate,"$15,001 - $50,000"
770,2022-02-14,2022-01-14,LLY,Tommy Tuberville,Sale,15001.0,Senate,"$15,001 - $50,000"
771,2022-02-14,2022-01-14,MA,Tommy Tuberville,Sale,1001.0,Senate,"$1,001 - $15,000"
772,2022-02-14,2022-01-14,MSFT,Tommy Tuberville,Sale,15001.0,Senate,"$15,001 - $50,000"
773,2022-02-14,2022-01-14,ADBE,Tommy Tuberville,Sale,15001.0,Senate,"$15,001 - $50,000"
774,2022-02-14,2022-01-14,CTAS,Tommy Tuberville,Sale,15001.0,Senate,"$15,001 - $50,000"
775,2022-02-14,2022-01-12,VZ,Tommy Tuberville,Purchase,1001.0,Senate,"$1,001 - $15,000"
776,2022-02-14,2022-01-12,WBA,Tommy Tuberville,Purchase,1001.0,Senate,"$1,001 - $15,000"
777,2022-02-14,2022-01-21,TSN,Tommy Tuberville,Sale,15001.0,Senate,"$15,001 - $50,000"
778,2022-02-14,2022-01-12,MMM,Tommy Tuberville,Purchase,1001.0,Senate,"$1,001 - $15,000"
779,2022-02-14,2022-01-26,MDT,Tommy Tuberville,Sale,15001.0,Senate,"$15,001 - $50,000"
780,2022-02-14,2022-01-03,SSYS,Tommy Tuberville,Sale,1001.0,Senate,"$1,001 - $15,000"
781,2022-02-14,2022-01-03,SSYS,Tommy Tuberville,Sale,1001.0,Senate,"$1,001 - $15,000"
782,2022-02-14,2022-01-03,SSYS,Tommy Tuberville,Sale,1001.0,Senate,"$1,001 - $15,000"
783,2022-02-14,2022-01-03,SSYS,Tommy Tuberville,Sale,1001.0,Senate,"$1,001 - $15,000"
784,2022-02-14,2022-01-04,CLF,Tommy Tuberville,Sale,1001.0,Senate,"$1,001 - $15,000"
785,2022-02-14,2022-01-05,INTC,Tommy Tuberville,Sale,1001.0,Senate,"$1,001 - $15,000"
786,2022-02-14,2022-01-05,INTC,Tommy Tuberville,Sale,1001.0,Senate,"$1,001 - $15,000"
787,2022-02-14,2022-01-12,CVX,Tommy Tuberville,Purchase,1001.0,Senate,"$1,001 - $15,000"
788,2022-02-14,2022-01-12,DOW,Tommy Tuberville,Purchase,1001.0,Senate,"$1,001 - $15,000"
789,2022-02-14,2022-01-12,AMGN,Tommy Tuberville,Purchase,1001.0,Senate,"$1,001 - $15,000"
790,2022-02-14,2022-01-12,PFE,Tommy Tuberville,Purchase,1001.0,Senate,"$1,001 - $15,000"
791,2022-02-14,2022-01-12,CSCO,Tommy Tuberville,Purchase,1001.0,Senate,"$1,001 - $15,000"
792,2022-02-14,2022-01-12,IBM,Tommy Tuberville,Purchase,1001.0,Senate,"$1,001 - $15,000"
793,2022-02-14,2022-01-12,INTC,Tommy Tuberville,Purchase,1001.0,Senate,"$1,001 - $15,000"
794,2022-02-14,2022-01-21,PONCX,Tommy Tuberville,Sale,15001.0,Senate,"$15,001 - $50,000"
795,2022-02-14,2022-01-12,KO,Tommy Tuberville,Purchase,1001.0,Senate,"$1,001 - $15,000"
796,2022-02-14,2022-01-21,ABBV,Tommy Tuberville,Sale,1001.0,Senate,"$1,001 - $15,000"
797,2022-02-14,2022-01-21,PM,Tommy Tuberville,Sale,15001.0,Senate,"$15,001 - $50,000"
798,2022-02-14,2022-01-21,CTAS,Tommy Tuberville,Sale,15001.0,Senate,"$15,001 - $50,000"
799,2022-02-14,2022-01-21,LMT,Tommy Tuberville,Sale,15001.0,Senate,"$15,001 - $50,000"
800,2022-02-14,2022-01-21,XEL,Tommy Tuberville,Sale,15001.0,Senate,"$15,001 - $50,000"
801,2022-02-14,2022-01-12,INTC,Tommy Tuberville,Purchase,15001.0,Senate,"$15,001 - $50,000"
802,2022-02-14,2022-01-21,DUK,Tommy Tuberville,Sale,15001.0,Senate,"$15,001 - $50,000"
803,2022-02-14,2022-01-21,ABC,Tommy Tuberville,Sale,15001.0,Senate,"$15,001 - $50,000"
804,2022-02-14,2022-01-21,PEP,Tommy Tuberville,Sale,1001.0,Senate,"$1,001 - $15,000"
805,2022-02-14,2022-01-24,GOLD,Tommy Tuberville,Purchase,50001.0,Senate,"$50,001 - $100,000"
806,2022-02-14,2022-01-21,PG,Tommy Tuberville,Sale,15001.0,Senate,"$15,001 - $50,000"
807,2022-02-04,2022-01-25,BTC,Ted Cruz,Purchase,15001.0,Senate,"$15,001 - $50,000"
808,2022-02-03,2022-01-18,HASI,Thomas R. Carper,Sale,1001.0,Senate,"$1,001 - $15,000"
809,2022-02-03,2022-01-18,BMY,Thomas R. Carper,Purchase,1001.0,Senate,"$1,001 - $15,000"
810,2022-02-03,2022-01-18,PTNQ,Thomas R. Carper,Purchase,1001.0,Senate,"$1,001 - $15,000"
811,2022-02-03,2022-01-18,IGHG,Thomas R. Carper,Purchase,15001.0,Senate,"$15,001 - $50,000"
812,2022-02-03,2022-01-18,QCOM,Thomas R. Carper,Sale,1001.0,Senate,"$1,001 - $15,000"
813,2022-02-03,2022-01-18,AQN,Thomas R. Carper,Purchase,1001.0,Senate,"$1,001 - $15,000"
814,2022-02-03,2022-01-18,ITA,Thomas R. Carper,Purchase,1001.0,Senate,"$1,001 - $15,000"
815,2022-02-03,2022-01-18,CEF,Thomas R. Carper,Purchase,1001.0,Senate,"$1,001 - $15,000"
816,2022-02-03,2022-01-18,TTE,Thomas R. Carper,Sale,1001.0,Senate,"$1,001 - $15,000"
817,2022-02-03,2022-01-18,JNJ,Thomas R. Carper,Purchase,1001.0,Senate,"$1,001 - $15,000"
818,2022-02-03,2022-01-26,SRVR,Thomas R. Carper,Purchase,1001.0,Senate,"$1,001 - $15,000"
819,2022-02-03,2022-01-26,JHMM,Thomas R. Carper,Purchase,1001.0,Senate,"$1,001 - $15,000"
820,2022-02-03,2022-01-26,CIBR,Thomas R. Carper,Sale,1001.0,Senate,"$1,001 - $15,000"
821,2022-02-03,2022-01-26,FIMKX,Thomas R. Carper,Purchase,1001.0,Senate,"$1,001 - $15,000"
822,2022-02-03,2022-01-26,GLD,Thomas R. Carper,Sale,1001.0,Senate,"$1,001 - $15,000"
823,2022-02-03,2022-01-26,ITA,Thomas R. Carper,Purchase,1001.0,Senate,"$1,001 - $15,000"
824,2022-02-03,2022-01-26,WIW,Thomas R. Carper,Purchase,1001.0,Senate,"$1,001 - $15,000"
825,2022-02-03,2022-01-26,KRE,Thomas R. Carper,Purchase,1001.0,Senate,"$1,001 - $15,000"
826,2022-02-03,2022-01-26,GBIL,Thomas R. Carper,Sale,1001.0,Senate,"$1,001 - $15,000"
827,2022-02-03,2022-01-26,MOO,Thomas R. Carper,Purchase,1001.0,Senate,"$1,001 - $15,000"
828,2022-02-03,2022-01-26,GEMIX,Thomas R. Carper,Sale,1001.0,Senate,"$1,001 - $15,000"
829,2022-02-03,2022-01-18,MET,Thomas R. Carper,Sale,1001.0,Senate,"$1,001 - $15,000"
830,2022-02-03,2022-01-18,GLAD,Thomas R. Carper,Sale,1001.0,Senate,"$1,001 - $15,000"
831,2022-02-03,2022-01-18,AXS,Thomas R. Carper,Sale,1001.0,Senate,"$1,001 - $15,000"
832,2022-02-03,2022-01-18,NVDA,Thomas R. Carper,Sale,1001.0,Senate,"$1,001 - $15,000"
833,2022-02-03,2022-01-26,XAR,Thomas R. Carper,Sale,1001.0,Senate,"$1,001 - $15,000"
834,2022-02-03,2022-01-26,KBA,Thomas R. Carper,Sale,1001.0,Senate,"$1,001 - $15,000"
835,2022-02-03,2022-01-18,ETN,Thomas R. Carper,Sale,1001.0,Senate,"$1,001 - $15,000"
836,2022-02-03,2022-01-31,NVDA,Thomas R. Carper,Purchase,1001.0,Senate,"$1,001 - $15,000"
837,2022-02-03,2022-01-18,RTX,Thomas R. Carper,Sale,1001.0,Senate,"$1,001 - $15,000"
838,2022-02-03,2022-01-31,XAR,Thomas R. Carper,Sale,1001.0,Senate,"$1,001 - $15,000"
839,2022-02-03,2022-01-31,PTMC,Thomas R. Carper,Sale,1001.0,Senate,"$1,001 - $15,000"
840,2022-02-03,2022-01-31,ITA,Thomas R. Carper,Purchase,1001.0,Senate,"$1,001 - $15,000"
841,2022-02-03,2022-01-31,CEF,Thomas R. Carper,Sale,1001.0,Senate,"$1,001 - $15,000"
842,2022-02-03,2022-01-31,GEMIX,Thomas R. Carper,Sale,1001.0,Senate,"$1,001 - $15,000"
843,2022-02-03,2022-01-31,GNR,Thomas R. Carper,Purchase,1001.0,Senate,"$1,001 - $15,000"
844,2022-02-03,2022-01-26,FDN,Thomas R. Carper,Sale,1001.0,Senate,"$1,001 - $15,000"
845,2022-02-03,2022-01-31,WIW,Thomas R. Carper,Purchase,1001.0,Senate,"$1,001 - $15,000"
846,2022-02-03,2022-01-31,MOO,Thomas R. Carper,Purchase,1001.0,Senate,"$1,001 - $15,000"
847,2022-02-03,2022-01-31,LUBFX,Thomas R. Carper,Sale,1001.0,Senate,"$1,001 - $15,000"
848,2022-02-03,2022-01-31,FIMKX,Thomas R. Carper,Sale,1001.0,Senate,"$1,001 - $15,000"
849,2022-02-03,2022-01-31,JHMM,Thomas R. Carper,Purchase,1001.0,Senate,"$1,001 - $15,000"
850,2022-02-03,2022-01-31,SI,Thomas R. Carper,Purchase,1001.0,Senate,"$1,001 - $15,000"
851,2022-02-03,2022-01-18,GBIL,Thomas R. Carper,Sale,15001.0,Senate,"$15,001 - $50,000"
852,2022-02-03,2022-01-26,IVOO,Thomas R. Carper,Sale,1001.0,Senate,"$1,001 - $15,000"
853,2022-02-03,2022-01-18,XAR,Thomas R. Carper,Sale,1001.0,Senate,"$1,001 - $15,000"
854,2022-02-03,2022-01-18,APO,Thomas R. Carper,Sale,1001.0,Senate,"$1,001 - $15,000"
855,2022-02-03,2022-01-18,JCI,Thomas R. Carper,Purchase,1001.0,Senate,"$1,001 - $15,000"
856,2022-02-03,2022-01-18,CVS,Thomas R. Carper,Sale,1001.0,Senate,"$1,001 - $15,000"
857,2022-02-03,2022-01-18,GMRE,Thomas R. Carper,Purchase,1001.0,Senate,"$1,001 - $15,000"
858,2022-02-03,2022-01-18,LDP,Thomas R. Carper,Purchase,1001.0,Senate,"$1,001 - $15,000"
859,2022-02-03,2022-01-18,SRVR,Thomas R. Carper,Purchase,1001.0,Senate,"$1,001 - $15,000"
860,2022-02-03,2022-01-18,GLD,Thomas R. Carper,Purchase,1001.0,Senate,"$1,001 - $15,000"
861,2022-02-03,2022-01-18,CSCO,Thomas R. Carper,Sale,1001.0,Senate,"$1,001 - $15,000"
862,2022-02-03,2022-01-18,MOS,Thomas R. Carper,Purchase,1001.0,Senate,"$1,001 - $15,000"
863,2022-02-03,2022-01-18,C,Thomas R. Carper,Sale,1001.0,Senate,"$1,001 - $15,000"
864,2022-02-03,2022-01-18,PTMC,Thomas R. Carper,Purchase,1001.0,Senate,"$1,001 - $15,000"
865,2022-02-03,2022-01-18,ABBV,Thomas R. Carper,Sale,1001.0,Senate,"$1,001 - $15,000"
866,2022-02-03,2022-01-18,DIS,Thomas R. Carper,Purchase,1001.0,Senate,"$1,001 - $15,000"
867,2022-02-03,2022-01-18,AY,Thomas R. Carper,Purchase,1001.0,Senate,"$1,001 - $15,000"
868,2022-02-03,2022-01-18,VFH,Thomas R. Carper,Purchase,1001.0,Senate,"$1,001 - $15,000"
869,2022-02-03,2022-01-18,FCPIX,Thomas R. Carper,Purchase,1001.0,Senate,"$1,001 - $15,000"
870,2022-02-03,2022-01-18,IRM,Thomas R. Carper,Sale,1001.0,Senate,"$1,001 - $15,000"
871,2022-02-03,2022-01-18,LHX,Thomas R. Carper,Sale,1001.0,Senate,"$1,001 - $15,000"
872,2022-02-03,2022-01-18,KBE,Thomas R. Carper,Purchase,1001.0,Senate,"$1,001 - $15,000"
873,2022-02-03,2022-01-18,INTC,Thomas R. Carper,Sale,1001.0,Senate,"$1,001 - $15,000"
874,2022-02-03,2022-01-18,VZ,Thomas R. Carper,Purchase,1001.0,Senate,"$1,001 - $15,000"
875,2022-02-03,2022-01-18,IWN,Thomas R. Carper,Sale,1001.0,Senate,"$1,001 - $15,000"
876,2022-02-03,2022-01-18,V,Thomas R. Carper,Purchase,1001.0,Senate,"$1,001 - $15,000"
877,2022-02-03,2022-01-18,AAPL,Thomas R. Carper,Sale,1001.0,Senate,"$1,001 - $15,000"
878,2022-02-03,2022-01-18,WIW,Thomas R. Carper,Purchase,1001.0,Senate,"$1,001 - $15,000"
879,2022-02-03,2022-01-18,LMT,Thomas R. Carper,Sale,1001.0,Senate,"$1,001 - $15,000"
880,2022-02-03,2022-01-18,AMT,Thomas R. Carper,Purchase,1001.0,Senate,"$1,001 - $15,000"
881,2022-02-03,2022-01-18,RIO,Thomas R. Carper,Purchase,1001.0,Senate,"$1,001 - $15,000"
882,2022-02-03,2022-01-18,DLR,Thomas R. Carper,Purchase,1001.0,Senate,"$1,001 - $15,000"
883,2022-02-03,2022-01-18,ARCC,Thomas R. Carper,Sale,1001.0,Senate,"$1,001 - $15,000"
884,2022-02-03,2022-01-18,FXI,Thomas R. Carper,Sale,1001.0,Senate,"$1,001 - $15,000"
885,2022-02-03,2022-01-18,GLW,Thomas R. Carper,Sale,1001.0,Senate,"$1,001 - $15,000"
886,2022-02-03,2022-01-18,FIMKX,Thomas R. Carper,Sale,15001.0,Senate,"$15,001 - $50,000"
887,2022-01-21,2021-12-21,BRK.B,Jerry Moran,Sale,1001.0,Senate,"$1,001 - $15,000"
888,2022-01-21,2021-12-21,CI,Jerry Moran,Purchase,1001.0,Senate,"$1,001 - $15,000"
889,2022-01-21,2021-12-21,BAC,Jerry Moran,Sale,1001.0,Senate,"$1,001 - $15,000"
890,2022-01-21,2021-12-21,CMCSA,Jerry Moran,Purchase,1001.0,Senate,"$1,001 - $15,000"
891,2022-01-21,2021-12-21,FB,Jerry Moran,Sale,1001.0,Senate,"$1,001 - $15,000"
892,2022-01-21,2021-12-21,CI,Jerry Moran,Purchase,1001.0,Senate,"$1,001 - $15,000"
893,2022-01-21,2021-12-21,CSCO,Jerry Moran,Purchase,1001.0,Senate,"$1,001 - $15,000"
894,2022-01-21,2021-12-21,BRK.B,Jerry Moran,Sale,1001.0,Senate,"$1,001 - $15,000"
895,2022-01-21,2021-12-21,USB,Jerry Moran,Sale,1001.0,Senate,"$1,001 - $15,000"
896,2022-01-21,2021-12-21,PFE,Jerry Moran,Purchase,1001.0,Senate,"$1,001 - $15,000"
897,2022-01-21,2021-12-21,GOOG,Jerry Moran,Sale,1001.0,Senate,"$1,001 - $15,000"
898,2022-01-21,2021-12-21,XOM,Jerry Moran,Sale,1001.0,Senate,"$1,001 - $15,000"
899,2022-01-21,2021-12-21,AAPL,Jerry Moran,Sale,1001.0,Senate,"$1,001 - $15,000"
900,2022-01-21,2021-12-15,NVS,Shelley Moore Capito,Sale,1001.0,Senate,"$1,001 - $15,000"
901,2022-01-21,2021-12-21,CVS,Jerry Moran,Sale,1001.0,Senate,"$1,001 - $15,000"
902,2022-01-21,2021-12-21,PFE,Jerry Moran,Purchase,1001.0,Senate,"$1,001 - $15,000"
903,2022-01-21,2021-12-21,KMB,Jerry Moran,Purchase,1001.0,Senate,"$1,001 - $15,000"
904,2022-01-21,2021-12-21,USB,Jerry Moran,Sale,1001.0,Senate,"$1,001 - $15,000"
905,2022-01-21,2021-12-21,MSFT,Jerry Moran,Sale,1001.0,Senate,"$1,001 - $15,000"
906,2022-01-21,2021-12-21,GILD,Jerry Moran,Sale,1001.0,Senate,"$1,001 - $15,000"
907,2022-01-21,2021-12-21,KMB,Jerry Moran,Purchase,1001.0,Senate,"$1,001 - $15,000"
908,2022-01-21,2021-12-21,PII,Jerry Moran,Purchase,1001.0,Senate,"$1,001 - $15,000"
909,2022-01-21,2021-12-21,GILD,Jerry Moran,Sale,1001.0,Senate,"$1,001 - $15,000"
910,2022-01-21,2021-12-21,KR,Jerry Moran,Sale,1001.0,Senate,"$1,001 - $15,000"
911,2022-01-21,2021-12-21,XOM,Jerry Moran,Sale,1001.0,Senate,"$1,001 - $15,000"
912,2022-01-21,2021-12-21,CSCO,Jerry Moran,Purchase,1001.0,Senate,"$1,001 - $15,000"
913,2022-01-21,2021-12-21,MSFT,Jerry Moran,Sale,1001.0,Senate,"$1,001 - $15,000"
914,2022-01-21,2021-12-21,CVS,Jerry Moran,Sale,1001.0,Senate,"$1,001 - $15,000"
915,2022-01-21,2021-12-21,DVA,Jerry Moran,Sale,1001.0,Senate,"$1,001 - $15,000"
916,2022-01-21,2021-12-21,VZ,Jerry Moran,Purchase,1001.0,Senate,"$1,001 - $15,000"
917,2022-01-21,2021-12-21,BAC,Jerry Moran,Sale,1001.0,Senate,"$1,001 - $15,000"
918,2022-01-21,2021-12-21,CMCSA,Jerry Moran,Purchase,1001.0,Senate,"$1,001 - $15,000"
919,2022-01-21,2021-12-21,BK,Jerry Moran,Purchase,1001.0,Senate,"$1,001 - $15,000"
920,2022-01-21,2021-12-21,AAPL,Jerry Moran,Sale,1001.0,Senate,"$1,001 - $15,000"
921,2022-01-21,2021-12-21,BK,Jerry Moran,Purchase,1001.0,Senate,"$1,001 - $15,000"
922,2022-01-21,2021-12-21,PII,Jerry Moran,Purchase,1001.0,Senate,"$1,001 - $15,000"
923,2022-01-21,2021-12-28,VZ,Shelley Moore Capito,Sale,1001.0,Senate,"$1,001 - $15,000"
924,2022-01-15,2021-12-15,AMGN,Shelley Moore Capito,Purchase,1001.0,Senate,"$1,001 - $15,000"
925,2022-01-15,2021-12-17,MSFT,Shelley Moore Capito,Sale,1001.0,Senate,"$1,001 - $15,000"
926,2022-01-15,2021-12-17,C,Shelley Moore Capito,Sale,1001.0,Senate,"$1,001 - $15,000"
927,2022-01-15,2021-12-28,SMFG,Shelley Moore Capito,Sale,1001.0,Senate,"$1,001 - $15,000"
928,2022-01-12,2021-12-27,ECOM,Tommy Tuberville,Sale,15001.0,Senate,"$15,001 - $50,000"
929,2022-01-12,2021-12-13,SSYS,Tommy Tuberville,Purchase,15001.0,Senate,"$15,001 - $50,000"
930,2022-01-12,2021-12-14,BABA,Tommy Tuberville,Purchase,50001.0,Senate,"$50,001 - $100,000"
931,2022-01-12,2021-12-29,PYPL,Tommy Tuberville,Sale,15001.0,Senate,"$15,001 - $50,000"
932,2022-01-12,2021-12-15,BABA,Tommy Tuberville,Purchase,50001.0,Senate,"$50,001 - $100,000"
933,2022-01-12,2021-12-29,QQQ,Tommy Tuberville,Purchase,1001.0,Senate,"$1,001 - $15,000"
934,2022-01-12,2021-12-23,ECOM,Tommy Tuberville,Sale,15001.0,Senate,"$15,001 - $50,000"
935,2022-01-12,2021-12-23,ECOM,Tommy Tuberville,Sale,1001.0,Senate,"$1,001 - $15,000"
936,2022-01-12,2021-12-22,AAPL,Tommy Tuberville,Sale,50001.0,Senate,"$50,001 - $100,000"
937,2022-01-12,2021-12-23,BABA,Tommy Tuberville,Sale,50001.0,Senate,"$50,001 - $100,000"
938,2022-01-12,2021-12-21,BABA,Tommy Tuberville,Purchase,15001.0,Senate,"$15,001 - $50,000"
939,2022-01-12,2021-12-23,CLF,Tommy Tuberville,Purchase,1001.0,Senate,"$1,001 - $15,000"
940,2022-01-10,2021-12-23,RHP,Bill Hagerty,Sale,100001.0,Senate,"$100,001 - $250,000"
941,2022-01-10,2021-12-23,RNR,Bill Hagerty,Sale,250001.0,Senate,"$250,001 - $500,000"
942,2022-01-10,2021-12-23,RHP,Bill Hagerty,Sale,15001.0,Senate,"$15,001 - $50,000"
943,2022-01-10,2021-12-29,CLDT,Bill Hagerty,Sale,1001.0,Senate,"$1,001 - $15,000"
944,2022-01-10,2021-12-29,NS,Bill Hagerty,Sale,50001.0,Senate,"$50,001 - $100,000"
945,2022-01-10,2021-12-29,BKEP,Bill Hagerty,Sale,15001.0,Senate,"$15,001 - $50,000"
946,2022-01-10,2021-12-29,CCEP,Bill Hagerty,Sale,50001.0,Senate,"$50,001 - $100,000"
947,2022-01-10,2021-12-29,ENVA,Bill Hagerty,Sale,15001.0,Senate,"$15,001 - $50,000"
948,2022-01-10,2021-12-29,PNFP,Bill Hagerty,Sale,100001.0,Senate,"$100,001 - $250,000"
949,2022-01-10,2021-12-28,DDOG,Bill Hagerty,Sale,15001.0,Senate,"$15,001 - $50,000"
950,2022-01-10,2021-12-28,RNR,Bill Hagerty,Sale,250001.0,Senate,"$250,001 - $500,000"
951,2022-01-08,2022-01-03,IBM,Gary Peters,Purchase,1001.0,Senate,"$1,001 - $15,000"
952,2022-01-08,2021-12-07,HBAN,Gary Peters,Purchase,1001.0,Senate,"$1,001 - $15,000"
953,2022-01-04,2021-12-31,SBIO,Thomas R. Carper,Sale,1001.0,Senate,"$1,001 - $15,000"
954,2022-01-04,2021-12-23,CEM,Thomas R. Carper,Sale,1001.0,Senate,"$1,001 - $15,000"
955,2021-12-22,2021-12-16,VRM,Bill Hagerty,Sale,1001.0,Senate,"$1,001 - $15,000"
956,2021-12-16,2021-12-03,WFC,A. Mitchell Jr. McConnell,Purchase,1001.0,Senate,"$1,001 - $15,000"
957,2021-12-10,2021-10-27,FB,John Hickenlooper,Sale,250001.0,Senate,"$250,001 - $500,000"
958,2021-12-10,2021-11-04,SSYS,Tommy Tuberville,Sale,1001.0,Senate,"$1,001 - $15,000"
959,2021-12-10,2021-11-08,CLF,Tommy Tuberville,Sale,15001.0,Senate,"$15,001 - $50,000"
960,2021-12-10,2021-11-08,CLF,Tommy Tuberville,Sale,1001.0,Senate,"$1,001 - $15,000"
961,2021-12-10,2021-11-08,CLF,Tommy Tuberville,Purchase,100001.0,Senate,"$100,001 - $250,000"
962,2021-12-10,2021-11-08,CLF,Tommy Tuberville,Sale,15001.0,Senate,"$15,001 - $50,000"
963,2021-12-10,2021-11-08,TTD,John Hickenlooper,Sale,15001.0,Senate,"$15,001 - $50,000"
964,2021-12-10,2021-11-05,F,Tommy Tuberville,Purchase,1001.0,Senate,"$1,001 - $15,000"
965,2021-12-10,2021-11-05,F,Tommy Tuberville,Purchase,1001.0,Senate,"$1,001 - $15,000"
966,2021-12-10,2021-11-02,SCCO,Tommy Tuberville,Sale,1001.0,Senate,"$1,001 - $15,000"
967,2021-12-10,2021-11-02,SCCO,Tommy Tuberville,Purchase,1001.0,Senate,"$1,001 - $15,000"
968,2021-12-10,2021-11-02,SCCO,Tommy Tuberville,Sale,1001.0,Senate,"$1,001 - $15,000"
969,2021-12-10,2021-11-02,SCCO,Tommy Tuberville,Purchase,100001.0,Senate,"$100,001 - $250,000"
970,2021-12-10,2021-11-01,PYPL,John Hickenlooper,Sale,250001.0,Senate,"$250,001 - $500,000"
971,2021-12-10,2021-11-01,NVDA,John Hickenlooper,Sale,500001.0,Senate,"$500,001 - $1,000,000"
972,2021-12-10,2021-11-01,MSFT,John Hickenlooper,Sale,250001.0,Senate,"$250,001 - $500,000"
973,2021-12-10,2021-11-01,GOOGL,John Hickenlooper,Sale,250001.0,Senate,"$250,001 - $500,000"
974,2021-12-10,2021-10-29,AAPL,John Hickenlooper,Sale,250001.0,Senate,"$250,001 - $500,000"
975,2021-12-10,2021-10-29,AMZN,John Hickenlooper,Sale,250001.0,Senate,"$250,001 - $500,000"
976,2021-12-10,2021-11-22,ECOM,Tommy Tuberville,Purchase,1001.0,Senate,"$1,001 - $15,000"
977,2021-12-10,2021-11-12,ADBE,Tommy Tuberville,Purchase,1001.0,Senate,"$1,001 - $15,000"
978,2021-12-10,2021-11-17,PYPL,Tommy Tuberville,Sale,1001.0,Senate,"$1,001 - $15,000"
979,2021-12-10,2021-11-22,MSFT,Tommy Tuberville,Purchase,1001.0,Senate,"$1,001 - $15,000"
980,2021-12-10,2021-11-22,AAPL,Tommy Tuberville,Purchase,1001.0,Senate,"$1,001 - $15,000"
981,2021-12-10,2021-11-22,OXY,Tommy Tuberville,Sale,50001.0,Senate,"$50,001 - $100,000"
982,2021-12-10,2021-11-22,OXY,Tommy Tuberville,Sale,1001.0,Senate,"$1,001 - $15,000"
983,2021-12-10,2021-11-17,PYPL,Tommy Tuberville,Sale,1001.0,Senate,"$1,001 - $15,000"
984,2021-12-10,2021-11-17,PYPL,Tommy Tuberville,Sale,1001.0,Senate,"$1,001 - $15,000"
985,2021-12-07,2021-11-29,CAG,Gary Peters,Purchase,1001.0,Senate,"$1,001 - $15,000"
986,2021-12-07,2021-11-29,OFC,Gary Peters,Purchase,1001.0,Senate,"$1,001 - $15,000"
987,2021-12-04,2021-11-19,GLPI,Thomas R. Carper,Purchase,1001.0,Senate,"$1,001 - $15,000"
988,2021-12-04,2021-11-30,SBIO,Thomas R. Carper,Purchase,1001.0,Senate,"$1,001 - $15,000"
989,2021-12-04,2021-11-29,BMY,Thomas R. Carper,Purchase,1001.0,Senate,"$1,001 - $15,000"
990,2021-12-04,2021-11-26,QS,Thomas R. Carper,Sale,1001.0,Senate,"$1,001 - $15,000"
991,2021-12-04,2021-11-26,GLPI,Thomas R. Carper,Purchase,1001.0,Senate,"$1,001 - $15,000"
992,2021-12-04,2021-11-26,CONE,Thomas R. Carper,Sale,1001.0,Senate,"$1,001 - $15,000"
993,2021-12-04,2021-11-26,LITE,Thomas R. Carper,Purchase,1001.0,Senate,"$1,001 - $15,000"
994,2021-12-04,2021-11-16,CONE,Thomas R. Carper,Sale,1001.0,Senate,"$1,001 - $15,000"
995,2021-12-04,2021-11-16,COR,Thomas R. Carper,Sale,1001.0,Senate,"$1,001 - $15,000"
996,2021-11-23,2021-11-08,DDOG,Bill Hagerty,Sale,1000001.0,Senate,"$1,000,001 - $5,000,000"
997,2021-11-19,2021-10-28,CVX,John Hickenlooper,Sale,100001.0,Senate,"$100,001 - $250,000"
998,2021-11-10,2021-10-26,QCOM,Tommy Tuberville,Sale,1001.0,Senate,"$1,001 - $15,000"
999,2021-11-10,2021-10-26,RMD,Tommy Tuberville,Sale,1001.0,Senate,"$1,001 - $15,000"
